name,datetime,temp,feelslike,dew,humidity,precip,precipprob,preciptype,snow,snowdepth,windgust,windspeed,winddir,sealevelpressure,cloudcover,visibility,solarradiation,solarenergy,uvindex,severerisk,conditions,icon,stations
"New York, NY, United States",2023-01-01T00:00:00,12.2,12.2,11,92.56,0.185,100,rain,0,0,17.3,2.5,303,1007.1,100,11.3,227,0.8,0,,"Rain, Overcast",rain,"72505394728,KEWR,KLGA,72502014734,D2180,KNYC,72503014732"
"New York, NY, United States",2023-01-01T01:00:00,11.7,11.7,10.5,92.32,0.028,100,rain,0,0,20.2,10.1,220,1007.2,100,10.6,228,0.8,0,,"Rain, Overcast",rain,"72505394728,KEWR,KLGA,72502014734,D2180,KNYC,72503014732"
"New York, NY, United States",2023-01-01T02:00:00,11.7,11.7,9.9,88.94,0.094,100,rain,0,0,24.1,13.6,231,1006.9,51.8,11.6,227,0.8,0,,"Rain, Partially cloudy",rain,"72505394728,KEWR,KLGA,72502014734,D2180,KNYC,72503014732"
"New York, NY, United States",2023-01-01T03:00:00,11.1,11.1,9.6,90.38,0,0,,0,0,25.6,11.4,240,1007.8,25.4,13.2,224,0.8,0,,Partially cloudy,partly-cloudy-night,"72505394728,KEWR,KLGA,72502014734,D2180,KNYC,72503014732"
"New York, NY, United States",2023-01-01T04:00:00,11.4,11.4,9,85.38,0,0,,0,0,26.3,14,256,1008.1,20.3,14.7,222,0.8,0,,Partially cloudy,partly-cloudy-night,"72505394728,KEWR,KLGA,72502014734,D2180,KNYC,72503014732"
"New York, NY, United States",2023-01-01T05:00:00,11,11,8.5,84.9,0,0,,0,0,25.9,8.8,229,1008.5,20.3,14.7,224,0.8,0,,Partially cloudy,partly-cloudy-night,"72505394728,KEWR,KLGA,72502014734,D2180,KNYC,72503014732"
"New York, NY, United States",2023-01-01T06:00:00,10.6,10.6,8.3,85.8,0,0,,0,0,25.2,10.1,238,1009.4,20.3,15.2,224,0.8,0,,Partially cloudy,partly-cloudy-night,"72505394728,KEWR,KLGA,72502014734,D2180,KNYC,72503014732"
"New York, NY, United States",2023-01-01T07:00:00,10.5,10.5,7.7,82.98,0,0,,0,0,23.8,10.3,248,1010.2,19.2,15.5,1,0,0,,Clear,clear-night,"72505394728,KEWR,KLGA,72502014734,F8726,KNYC,72503014732"
"New York, NY, United States",2023-01-01T08:00:00,9.7,8,6.3,79.33,0,0,,0,0,23.4,11.7,267,1011,25.4,15.2,21,0.1,0,,Partially cloudy,partly-cloudy-day,"72505394728,KEWR,KLGA,72502014734,F1417,KNYC,72503014732"
"New York, NY, United States",2023-01-01T09:00:00,10.2,10.2,5.7,73.47,0,0,,0,0,35.3,13.8,287,1011.7,30.4,16,103,0.4,1,,Partially cloudy,partly-cloudy-day,"72505394728,KEWR,KLGA,72502014734,F1417,KNYC,72503014732"
"New York, NY, United States",2023-01-01T10:00:00,11.2,11.2,4.6,63.97,0,0,,0,0,27.4,14.4,298,1013.3,30.4,16,271,1,3,,Partially cloudy,partly-cloudy-day,"72505394728,KEWR,KLGA,72502014734,F1417,KNYC,72503014732"
"New York, NY, United States",2023-01-01T11:00:00,11.7,11.7,3.7,58.26,0,0,,0,0,29.2,14.6,303,1013.9,30.4,16,362,1.3,4,,Partially cloudy,partly-cloudy-day,"72505394728,KEWR,KLGA,72502014734,F1417,KNYC,72503014732"
"New York, NY, United States",2023-01-01T12:00:00,11.4,11.4,2.8,55.48,0,0,,0,0,31.3,14.5,298,1013.1,19.2,16,447,1.6,4,,Clear,clear-day,"72505394728,KEWR,KLGA,72502014734,F1417,KNYC,72503014732"
"New York, NY, United States",2023-01-01T13:00:00,11.8,11.8,2.4,52.41,0,0,,0,0,30.2,21.5,287,1013.5,10.5,16,436,1.6,4,,Clear,clear-day,"72505394728,KEWR,KLGA,72502014734,F1417,KNYC,72503014732"
"New York, NY, United States",2023-01-01T14:00:00,12.4,12.4,1.4,47.19,0,0,,0,0,26.3,13.7,287,1013.2,14.1,16,331,1.2,3,,Clear,clear-day,"72505394728,KEWR,KLGA,72502014734,F1417,KNYC,72503014732"
"New York, NY, United States",2023-01-01T15:00:00,12.1,12.1,-0.2,43.02,0,0,,0,0,20.9,13.6,300,1013.5,25.4,16,263,0.9,3,,Partially cloudy,partly-cloudy-day,"72505394728,KEWR,KLGA,72502014734,F1417,KNYC,72503014732"
"New York, NY, United States",2023-01-01T16:00:00,11.8,11.8,-0.3,43.23,0,0,,0,0,18,10.7,296,1013.9,20.3,16,70,0.3,1,,Partially cloudy,partly-cloudy-day,"72505394728,KEWR,KLGA,72502014734,F1417,KNYC,72503014732"
"New York, NY, United States",2023-01-01T17:00:00,11.4,11.4,0.1,45.5,0,0,,0,0,14.4,9.5,295,1014.3,93.3,16,8,0,0,,Overcast,cloudy,"72505394728,KEWR,KLGA,72502014734,F1417,72503014732"
"New York, NY, United States",2023-01-01T18:00:00,10.3,10.3,-0.2,48.17,0,0,,0,0,14,2.4,334,1014.6,20.3,16,15,0.1,0,,Partially cloudy,partly-cloudy-night,"72505394728,KEWR,E5816,KLGA,72502014734,KNYC,72503014732"
"New York, NY, United States",2023-01-01T19:00:00,10.2,10.2,-0.3,48.27,0,0,,0,0,14.8,5.4,281,1015.7,20.3,16,220,0.8,0,,Partially cloudy,partly-cloudy-night,"72505394728,KEWR,KLGA,72502014734,D2180,KNYC,72503014732"
"New York, NY, United States",2023-01-01T20:00:00,10.3,10.3,1,52.44,0,0,,0,0,16.2,6.7,246,1016.1,14.1,16,219,0.8,0,,Clear,clear-night,"72505394728,KEWR,KLGA,72502014734,D2180,KNYC,72503014732"
"New York, NY, United States",2023-01-01T21:00:00,10.1,10.1,1.1,53.85,0,0,,0,0,15.8,3.7,297,1016.7,88.9,16,220,0.8,0,,Partially cloudy,partly-cloudy-night,"72505394728,KEWR,KLGA,72502014734,D2180,KNYC,72503014732"
"New York, NY, United States",2023-01-01T22:00:00,10.3,10.3,1.2,53.05,0,0,,0,0,16.2,5.8,249,1016.9,96.1,16,220,0.8,0,,Overcast,cloudy,"72505394728,KEWR,KLGA,72502014734,D2180,72503014732"
"New York, NY, United States",2023-01-01T23:00:00,10.5,10.5,1.7,54.16,0,0,,0,0,16.6,8,263,1017,100,16,221,0.8,0,,Overcast,cloudy,"72505394728,KEWR,KLGA,72502014734,D2180,KNYC,72503014732"
"New York, NY, United States",2023-01-02T00:00:00,9.8,9.8,1.8,57.31,0,0,,0,0,16.9,0.9,321,1016.7,90.6,16,221,0.8,0,,Overcast,cloudy,"72505394728,KEWR,KLGA,72502014734,D2180,KNYC,72503014732"
"New York, NY, United States",2023-01-02T01:00:00,9.8,9.8,1.8,57.31,0,0,,0,0,16.9,0.9,331,1016.6,80.1,16,220,0.8,0,,Partially cloudy,partly-cloudy-night,"72505394728,KEWR,KLGA,72502014734,D2180,KNYC,72503014732"
"New York, NY, United States",2023-01-02T02:00:00,10.3,10.3,2.3,57.73,0,0,,0,0,15.8,6.7,258,1016.8,88.9,16,219,0.8,0,,Partially cloudy,partly-cloudy-night,"72505394728,KEWR,KLGA,72502014734,D2180,KNYC,72503014732"
"New York, NY, United States",2023-01-02T03:00:00,9.5,9,2.2,60.2,0,0,,0,0,14.4,5.9,261,1018,25.4,16,218,0.8,0,,Partially cloudy,partly-cloudy-night,"72505394728,KEWR,KLGA,72502014734,D2180,KNYC,72503014732"
"New York, NY, United States",2023-01-02T04:00:00,9.4,9.4,2.6,62.48,0,0,,0,0,14,2.1,340,1017.9,25.4,16,217,0.8,0,,Partially cloudy,partly-cloudy-night,"72505394728,KEWR,KLGA,72502014734,D2180,KNYC,72503014732"
"New York, NY, United States",2023-01-02T05:00:00,9.5,8.9,3,64.09,0,0,,0,0,14,5.9,262,1018.2,34.2,16,217,0.8,0,,Partially cloudy,partly-cloudy-night,"72505394728,KEWR,KLGA,72502014734,D2180,KNYC,72503014732"
"New York, NY, United States",2023-01-02T06:00:00,9.4,8.2,3.2,65.13,0,0,,0,0,14,8.4,263,1018.4,34.2,16,217,0.8,0,,Partially cloudy,partly-cloudy-night,"72505394728,KEWR,KLGA,72502014734,D2180,KNYC,72503014732"
"New York, NY, United States",2023-01-02T07:00:00,9.5,8.2,3.2,64.75,0,0,,0,0,13.7,8.8,257,1019.2,34.2,16,218,0.8,0,,Partially cloudy,partly-cloudy-night,"72505394728,KEWR,KLGA,72502014734,D2180,KNYC,72503014732"
"New York, NY, United States",2023-01-02T08:00:00,9.3,8.1,3.5,67.12,0,0,,0,0,12.6,8.3,251,1019.9,34.2,16,9,0,0,,Partially cloudy,partly-cloudy-day,"72505394728,KEWR,KLGA,72502014734,F1417,KNYC,72503014732"
"New York, NY, United States",2023-01-02T09:00:00,8.2,6.7,3.8,74.02,0,0,,0,0,14.8,8.9,281,1020.8,53.5,10.6,26,0.1,0,,Partially cloudy,partly-cloudy-day,"72505394728,KEWR,KLGA,72502014734,F1417,KNYC,72503014732"
"New York, NY, United States",2023-01-02T10:00:00,9.8,8.7,3.4,64.35,0,0,,0,0,13.7,8.7,277,1020.5,34.2,16,64,0.2,1,,Partially cloudy,partly-cloudy-day,"72505394728,KEWR,KLGA,72502014734,F1417,KNYC,72503014732"
"New York, NY, United States",2023-01-02T11:00:00,10.6,10.6,3.8,62.91,0,0,,0,0,10.8,6.6,270,1020.4,34.2,16,146,0.5,1,,Partially cloudy,partly-cloudy-day,"72505394728,KEWR,KLGA,72502014734,F1417,KNYC,72503014732"
"New York, NY, United States",2023-01-02T12:00:00,11.8,11.8,3.8,57.9,0,0,,0,0,16.9,5.7,293,1019.5,34.2,16,300,1.1,3,,Partially cloudy,partly-cloudy-day,"72505394728,KEWR,KLGA,72502014734,F1417,KNYC,72503014732"
"New York, NY, United States",2023-01-02T13:00:00,13.1,13.1,3.8,53.32,0,0,,0,0,19.4,8.9,272,1019,34.2,16,258,0.9,3,,Partially cloudy,partly-cloudy-day,"72505394728,KEWR,KLGA,72502014734,F1417,KNYC,72503014732"
"New York, NY, United States",2023-01-02T14:00:00,13.5,13.5,4.3,53.83,0,0,,0,0,18.4,7.9,240,1019,53.3,16,151,0.5,2,,Partially cloudy,partly-cloudy-day,"72505394728,KEWR,KLGA,72502014734,F1417,KNYC,72503014732"
"New York, NY, United States",2023-01-02T15:00:00,13.5,13.5,4.4,54.25,0,0,,0,0,18.4,12.3,242,1019.3,34.2,16,64,0.2,1,,Partially cloudy,partly-cloudy-day,"72505394728,KEWR,KLGA,72502014734,F1417,KNYC,72503014732"
"New York, NY, United States",2023-01-02T16:00:00,13.3,13.3,4.9,56.79,0,0,,0,0,11.9,10.1,239,1019.5,65,16,28,0.1,0,,Partially cloudy,partly-cloudy-day,"72505394728,KEWR,KLGA,72502014734,F1417,KNYC,72503014732"
"New York, NY, United States",2023-01-02T17:00:00,12.8,12.8,5.4,60.84,0,0,,0,0,12.2,11.2,226,1019.6,97.5,16,5,0,0,,Overcast,cloudy,"72505394728,KEWR,KLGA,72502014734,F8726,KNYC,72503014732"
"New York, NY, United States",2023-01-02T18:00:00,12.7,12.7,5.8,62.97,0,0,,0,0,12.6,7.3,230,1019.8,95.7,16,15,0.1,0,,Overcast,cloudy,"72505394728,KEWR,E5816,KLGA,72502014734,KNYC,72503014732"
"New York, NY, United States",2023-01-02T19:00:00,13.2,13.2,6.5,63.88,0,0,,0,0,12.6,9.1,202,1020.2,97.5,16,225,0.8,0,,Overcast,cloudy,"72505394728,KEWR,KLGA,72502014734,D2180,KNYC,72503014732"
"New York, NY, United States",2023-01-02T20:00:00,12.8,12.8,6.7,66,0,0,,0,0,12.6,5.4,287,1020.7,100,16,224,0.8,0,,Overcast,cloudy,"72505394728,KEWR,KLGA,72502014734,D2180,KNYC,72503014732"
"New York, NY, United States",2023-01-02T21:00:00,12.5,12.5,7.1,69.33,0.027,100,rain,0,0,14.8,8.2,229,1021.1,100,15.7,224,0.8,0,,"Rain, Overcast",rain,"72505394728,KEWR,KLGA,D2180,KNYC,72503014732"
"New York, NY, United States",2023-01-02T22:00:00,11.6,11.6,7.9,77.75,0.328,100,rain,0,0,14.8,1.2,313,1020.8,100,14,223,0.8,0,,"Rain, Overcast",rain,"72505394728,KEWR,KLGA,72502014734,D2180,KNYC,72503014732"
"New York, NY, United States",2023-01-02T23:00:00,11.1,11.1,8.6,84.45,0.209,100,rain,0,0,12.6,2.6,73,1020.6,100,12.4,223,0.8,0,,"Rain, Overcast",rain,"72505394728,KEWR,KLGA,72502014734,D2180,KNYC,72503014732"
"New York, NY, United States",2023-01-03T00:00:00,11.1,11.1,8.9,86.22,0,0,,0,0,10.4,0,0,1020.1,100,14.2,223,0.8,0,,Overcast,cloudy,"72505394728,KEWR,KLGA,72502014734,D2180,KNYC,72503014732"
"New York, NY, United States",2023-01-03T01:00:00,11.3,11.3,8.7,84.05,0,0,,0,0,9.7,1.7,37,1019.9,100,16,223,0.8,0,,Overcast,cloudy,"72505394728,KEWR,KLGA,72502014734,D2180,KNYC,72503014732"
"New York, NY, United States",2023-01-03T02:00:00,10.5,10.5,7.8,83.39,0,0,,0,0,12.6,5.4,95,1019.4,100,15.3,223,0.8,0,,Overcast,cloudy,"72505394728,KEWR,KLGA,72502014734,D2180,KNYC,72503014732"
"New York, NY, United States",2023-01-03T03:00:00,9.8,8.6,6.4,79.36,0,0,,0,0,13.3,8.8,62,1019.6,100,16,223,0.8,0,,Overcast,cloudy,"72505394728,KEWR,KLGA,72502014734,D2180,KNYC,72503014732"
"New York, NY, United States",2023-01-03T04:00:00,9.3,8.4,6.6,83.28,0,0,,0,0,12.6,6.7,67,1019.2,100,14.2,223,0.8,0,,Overcast,cloudy,"72505394728,KEWR,KLGA,72502014734,D2180,KNYC,72503014732"
"New York, NY, United States",2023-01-03T05:00:00,8.8,8,6.6,86.43,0,0,,0,0,11.5,6.3,94,1018.9,100,12.6,223,0.8,0,,Overcast,cloudy,"72505394728,KEWR,KLGA,72502014734,D2180,KNYC,72503014732"
"New York, NY, United States",2023-01-03T06:00:00,8.9,8,6.7,86.14,0,0,,0,0,12.2,6.6,68,1018.3,100,12,223,0.8,0,,Overcast,cloudy,"72505394728,KEWR,KLGA,72502014734,D2180,KNYC,72503014732"
"New York, NY, United States",2023-01-03T07:00:00,8.4,7.6,7.1,91.13,0.341,100,rain,0,0,11.5,6.2,59,1017.9,100,6.5,223,0.8,0,,"Rain, Overcast",rain,"72505394728,KEWR,KLGA,72502014734,D2180,KNYC,72503014732"
"New York, NY, United States",2023-01-03T08:00:00,8.2,7.3,6.7,90.3,0.176,100,rain,0,0,17.3,6.6,59,1017,100,5.6,12,0,0,,"Rain, Overcast",rain,"72505394728,KEWR,KLGA,72502014734,F1417,KNYC,72503014732"
"New York, NY, United States",2023-01-03T09:00:00,9.1,8.5,7.5,89.96,0,0,,0,0,26.3,5.9,22,1016.3,98.2,6.2,56,0.2,1,,Overcast,cloudy,"72505394728,KEWR,KLGA,72502014734,F1417,KNYC,72503014732"
"New York, NY, United States",2023-01-03T10:00:00,9.7,9.7,7.9,88.6,0,0,,0,0,19.4,3.7,28,1015.8,99.2,5.7,47,0.2,0,,Overcast,cloudy,"72505394728,KEWR,KLGA,72502014734,F1417,KNYC,72503014732"
"New York, NY, United States",2023-01-03T11:00:00,8.8,8.8,7.6,92.3,2.47,100,rain,0,0,11.5,0.9,348,1016,100,1.5,17,0.1,0,,"Rain, Overcast",rain,"72505394728,KEWR,KLGA,72502014734,F1417,KNYC,72503014732"
"New York, NY, United States",2023-01-03T12:00:00,9.3,9.3,8.1,92.43,4.515,100,rain,0,0,12.2,2.5,28,1013.8,100,1.3,48,0.2,0,,"Rain, Overcast",rain,"72505394728,KEWR,KLGA,F1417,KNYC,72503014732"
"New York, NY, United States",2023-01-03T13:00:00,9.7,9.7,8.8,93.67,1.921,100,rain,0,0,32,2.6,60,1012.6,100,2.6,85,0.3,1,,"Rain, Overcast",rain,"72505394728,KEWR,KLGA,72502014734,F1417,KNYC,72503014732"
"New York, NY, United States",2023-01-03T14:00:00,11.4,11.4,10,91.04,0.3,100,rain,0,0,15.8,12.3,235,1012,100,5.4,53,0.2,1,,"Rain, Overcast",rain,"72505394728,KEWR,KLGA,72502014734,F1417,KNYC,72503014732"
"New York, NY, United States",2023-01-03T15:00:00,12.1,12.1,10.5,89.99,0.185,100,rain,0,0,17.6,10.7,212,1011,100,7.2,47,0.2,0,,"Rain, Overcast",rain,"72505394728,KEWR,KLGA,72502014734,F1417,KNYC,72503014732"
"New York, NY, United States",2023-01-03T16:00:00,12.7,12.7,10.8,88.57,0,0,,0,0,20.5,8.7,202,1010.4,100,6,17,0.1,0,,Overcast,cloudy,"72505394728,KEWR,KLGA,72502014734,F1417,KNYC,72503014732"
"New York, NY, United States",2023-01-03T17:00:00,13.1,13.1,11.3,89,0,0,,0,0,21.6,9.8,240,1009.9,98.2,10.2,6,0,0,,Overcast,cloudy,"72505394728,KEWR,KLGA,72502014734,F1417,KNYC,72503014732"
"New York, NY, United States",2023-01-03T18:00:00,12.6,12.6,10.8,88.95,0,0,,0,0,22,10.1,208,1009.9,90.9,10.4,23,0.1,0,,Overcast,cloudy,"72505394728,KEWR,E5816,KLGA,72502014734,72503014732"
"New York, NY, United States",2023-01-03T19:00:00,12.7,12.7,11.1,90,0,0,,0,0,23.4,2.4,16,1010,96.7,8.3,227,0.8,0,,Overcast,cloudy,"72505394728,KEWR,KLGA,72502014734,D2180,KNYC,72503014732"
"New York, NY, United States",2023-01-03T20:00:00,12.7,12.7,11,89.33,0,0,,0,0,24.1,6.4,336,1009.8,51.8,8.4,227,0.8,0,,Partially cloudy,partly-cloudy-night,"72505394728,KEWR,KLGA,72502014734,D2180,KNYC,72503014732"
"New York, NY, United States",2023-01-03T21:00:00,12.9,12.9,10.5,85.65,0,0,,0,0,28.4,1.7,50,1009.3,37.7,9.7,229,0.8,0,,Partially cloudy,partly-cloudy-night,"72505394728,KEWR,KLGA,72502014734,D2180,KNYC,72503014732"
"New York, NY, United States",2023-01-03T22:00:00,11.9,11.9,9.9,87.92,0,0,,0,0,28.8,8.3,90,1009.3,35.2,8,227,0.8,0,,Partially cloudy,partly-cloudy-night,"72505394728,KEWR,KLGA,72502014734,D2180,KNYC,72503014732"
"New York, NY, United States",2023-01-03T23:00:00,12.2,12.2,10.6,90.32,0,0,,0,0,27.4,1.2,61,1009.3,90.6,6.7,227,0.8,0,,Overcast,cloudy,"72505394728,KEWR,KLGA,72502014734,D2180,KNYC,72503014732"
"New York, NY, United States",2023-01-04T00:00:00,12.6,12.6,10.4,86.63,0,0,,0,0,28.1,7.6,172,1008.4,91.5,10.4,227,0.8,0,,Overcast,cloudy,"72505394728,KEWR,KLGA,72502014734,D2180,KNYC,72503014732"
"New York, NY, United States",2023-01-04T01:00:00,13,13,10,82.13,0,0,,0,0,27.7,11.5,192,1008.5,100,13.6,227,0.8,0,,Overcast,cloudy,"72505394728,KEWR,KLGA,72502014734,D2180,KNYC,72503014732"
"New York, NY, United States",2023-01-04T02:00:00,13.5,13.5,10.2,80.61,0,0,,0,0,22,8.3,197,1008.4,100,15.1,226,0.8,0,,Overcast,cloudy,"72505394728,KEWR,KLGA,72502014734,D2180,KNYC,72503014732"
"New York, NY, United States",2023-01-04T03:00:00,13.5,13.5,10.4,81.6,0,0,,0,0,21.6,8.4,162,1009,100,15.2,226,0.8,0,,Overcast,cloudy,"72505394728,KEWR,KLGA,72502014734,D2180,KNYC,72503014732"
"New York, NY, United States",2023-01-04T04:00:00,13.7,13.7,10,78.18,0,0,,0,0,20.9,14.6,230,1008.4,81.9,15.7,227,0.8,0,,Partially cloudy,partly-cloudy-night,"72505394728,KEWR,KLGA,72502014734,D2180,KNYC,72503014732"
"New York, NY, United States",2023-01-04T05:00:00,13.8,13.8,10.3,79.1,0,0,,0,0,19.4,12.7,235,1008.7,36.7,16,228,0.8,0,,Partially cloudy,partly-cloudy-night,"72505394728,KEWR,KLGA,72502014734,D2180,KNYC,72503014732"
"New York, NY, United States",2023-01-04T06:00:00,13.4,13.4,10.8,84.36,0,0,,0,0,17.3,11.4,230,1009.3,65,14.4,229,0.8,0,,Partially cloudy,partly-cloudy-night,"72505394728,KEWR,KLGA,72502014734,D2180,KNYC,72503014732"
"New York, NY, United States",2023-01-04T07:00:00,13.8,13.8,11,83.4,0,0,,0,0,16.6,10.4,210,1010.3,88.9,14.4,1,0,0,,Partially cloudy,partly-cloudy-night,"72505394728,KEWR,KLGA,72502014734,KNYC,F7617,72503014732"
"New York, NY, United States",2023-01-04T08:00:00,13.1,13.1,10.8,86.14,0,0,,0,0,17.3,9.5,218,1011.2,73.4,11.7,19,0.1,0,,Partially cloudy,partly-cloudy-day,"72505394728,KEWR,KLGA,72502014734,F1417,72503014732"
"New York, NY, United States",2023-01-04T09:00:00,14.7,14.7,12,83.89,0,0,,0,0,20.2,10,228,1012.1,25.4,11.7,99,0.4,1,,Partially cloudy,partly-cloudy-day,"72505394728,KEWR,KLGA,72502014734,F1417,KNYC,72503014732"
"New York, NY, United States",2023-01-04T10:00:00,15.9,15.9,12.2,78.86,0,0,,0,0,21.6,8.1,226,1012.1,34.2,14,150,0.5,2,,Partially cloudy,partly-cloudy-day,"72505394728,KEWR,KLGA,72502014734,F1417,KNYC,72503014732"
"New York, NY, United States",2023-01-04T11:00:00,16.7,16.7,12.3,75.12,0,0,,0,0,25.9,6.4,276,1011.9,34.2,14,227,0.8,2,,Partially cloudy,partly-cloudy-day,"72505394728,KEWR,KLGA,72502014734,F1417,KNYC,72503014732"
"New York, NY, United States",2023-01-04T12:00:00,17.5,17.5,12.4,71.82,0,0,,0,0,26.3,9.9,212,1011.7,35.9,15.7,338,1.2,3,,Partially cloudy,partly-cloudy-day,"72505394728,KEWR,KLGA,72502014734,F1417,KNYC,72503014732"
"New York, NY, United States",2023-01-04T13:00:00,18.7,18.7,12.3,66.1,0,0,,0,0,20.9,8.7,207,1010.6,38.4,16,268,1,3,,Partially cloudy,partly-cloudy-day,"72505394728,KEWR,KLGA,72502014734,F1417,KNYC,72503014732"
"New York, NY, United States",2023-01-04T14:00:00,18.2,18.2,12.3,68.48,0,0,,0,0,14.8,12.2,172,1010.3,38.4,14.8,201,0.7,2,,Partially cloudy,partly-cloudy-day,"72505394728,KEWR,KLGA,72502014734,F1417,KNYC,72503014732"
"New York, NY, United States",2023-01-04T15:00:00,18,18,12.6,70.76,0,0,,0,0,15.1,4.4,328,1010.1,38.4,16,94,0.3,1,,Partially cloudy,partly-cloudy-day,"72505394728,KEWR,KLGA,72502014734,F1417,KNYC,72503014732"
"New York, NY, United States",2023-01-04T16:00:00,16.9,16.9,12.1,73.37,0,0,,0,0,14.8,5.4,138,1009.9,52.6,16,20,0.1,0,,Partially cloudy,partly-cloudy-day,"72505394728,KEWR,KLGA,72502014734,F1417,KNYC,72503014732"
"New York, NY, United States",2023-01-04T17:00:00,15.7,15.7,12.6,81.62,0.14,100,rain,0,0,17.3,3.3,70,1010,100,10.9,3,0,0,,"Rain, Overcast",rain,"72505394728,KEWR,KLGA,72502014734,F8726,KNYC,72503014732"
"New York, NY, United States",2023-01-04T18:00:00,14,14,11.5,85.32,0.133,100,rain,0,0,18.7,8.4,81,1009.4,100,14.2,28,0.1,0,,"Rain, Overcast",rain,"72505394728,KEWR,E5816,KLGA,72502014734,KNYC,72503014732"
"New York, NY, United States",2023-01-04T19:00:00,13.5,13.5,11,84.69,0.067,100,rain,0,0,16.9,4.1,110,1010.3,100,13.4,229,0.8,0,,"Rain, Overcast",rain,"72505394728,KEWR,KLGA,72502014734,D2180,KNYC,72503014732"
"New York, NY, United States",2023-01-04T20:00:00,11.7,11.7,9.5,86.48,0.119,100,rain,0,0,15.5,12.5,72,1009.4,100,12.2,229,0.8,0,,"Rain, Overcast",rain,"72505394728,KEWR,KLGA,72502014734,D2180,72503014732"
"New York, NY, United States",2023-01-04T21:00:00,11.4,11.4,9.6,88.67,0,0,,0,0,13.3,8.8,52,1009.3,100,10.2,229,0.8,0,,Overcast,cloudy,"72505394728,KEWR,KLGA,72502014734,D2180,KNYC,72503014732"
"New York, NY, United States",2023-01-04T22:00:00,10.3,10.3,8.5,88.52,0,0,,0,0,10.8,11,50,1009.6,100,6,230,0.8,0,,Overcast,cloudy,"72505394728,KEWR,KLGA,72502014734,D2180,72503014732"
"New York, NY, United States",2023-01-04T23:00:00,9.6,8.1,7.9,89.33,0,0,,0,0,12.2,10.2,32,1009.1,100,4.9,230,0.8,0,,Overcast,cloudy,"72505394728,KEWR,KLGA,D2180,KNYC,72503014732"
"New York, NY, United States",2023-01-05T00:00:00,9.4,7.9,8.2,91.98,0,0,,0,0,13.3,10.4,46,1009.3,100,3.3,230,0.8,0,,Overcast,cloudy,"72505394728,KEWR,KLGA,72502014734,D2180,KNYC,72503014732"
"New York, NY, United States",2023-01-05T01:00:00,8.8,7.7,7.7,92.65,0.067,100,rain,0,0,13.3,7.8,61,1009.6,100,3.6,230,0.8,0,,"Rain, Overcast",rain,"72505394728,KEWR,KLGA,72502014734,D2180,KNYC,72503014732"
"New York, NY, United States",2023-01-05T02:00:00,8.8,7.7,7.8,93.21,0.252,100,rain,0,0,13,8,26,1010.2,100,4.2,230,0.8,0,,"Rain, Overcast",rain,"72505394728,KEWR,KLGA,72502014734,D2180,KNYC,72503014732"
"New York, NY, United States",2023-01-05T03:00:00,8.8,7.9,7.7,93.06,0,0,,0,0,11.5,6.8,38,1011.1,100,10.1,229,0.8,0,,Overcast,cloudy,"72505394728,KEWR,KLGA,72502014734,D2180,KNYC,72503014732"
"New York, NY, United States",2023-01-05T04:00:00,8.9,7.8,7.6,91.65,0,0,,0,0,11.2,7.7,63,1011.8,100,11.5,225,0.8,0,,Overcast,cloudy,"72505394728,KEWR,KLGA,72502014734,D2180,KNYC,72503014732"
"New York, NY, United States",2023-01-05T05:00:00,9.1,9.1,8.1,93.87,0,0,,0,0,10.1,0.9,355,1012,100,11.3,225,0.8,0,,Overcast,cloudy,"72505394728,KEWR,KLGA,72502014734,D2180,KNYC,72503014732"
"New York, NY, United States",2023-01-05T06:00:00,9.3,8.7,8.3,92.97,0,0,,0,0,10.1,5.9,23,1012.6,100,1.5,225,0.8,0,,Overcast,cloudy,"72505394728,KEWR,KLGA,72502014734,D2180,KNYC,72503014732"
"New York, NY, United States",2023-01-05T07:00:00,9.1,7.6,8.4,95.55,0,0,,0,0,11.9,9.6,71,1013.3,100,0.9,1,0,0,,Overcast,fog,"72505394728,KEWR,KLGA,KNYC,F7617,72503014732"
"New York, NY, United States",2023-01-05T08:00:00,8.9,7.7,8.1,94.77,0,0,,0,0,12.6,8.3,55,1013.8,100,1.2,12,0,0,,Overcast,cloudy,"72505394728,KEWR,KLGA,72502014734,F1417,KNYC,72503014732"
"New York, NY, United States",2023-01-05T09:00:00,9.2,7.8,8.2,93.36,0,0,,0,0,13.3,9.2,56,1014.4,100,3.3,46,0.2,0,,Overcast,cloudy,"72505394728,KEWR,KLGA,F1417,KNYC,72503014732"
"New York, NY, United States",2023-01-05T10:00:00,8.9,7,7.8,92.81,0,0,,0,0,13,12.7,61,1015.5,100,9.8,54,0.2,1,,Overcast,cloudy,"72505394728,KEWR,KLGA,72502014734,F1417,KNYC,72503014732"
"New York, NY, United States",2023-01-05T11:00:00,9.2,7.9,7.5,89.25,0,0,,0,0,13.3,8.8,56,1015.9,100,11,131,0.5,1,,Overcast,cloudy,"72505394728,KEWR,KLGA,72502014734,F1417,KNYC,72503014732"
"New York, NY, United States",2023-01-05T12:00:00,9.3,7.7,7.3,87.19,0,0,,0,0,14,10.6,68,1015.2,100,14.2,127,0.5,1,,Overcast,cloudy,"72505394728,KEWR,KLGA,72502014734,F1417,KNYC,72503014732"
"New York, NY, United States",2023-01-05T13:00:00,9,7.7,7.3,89.01,0,0,,0,0,10.8,8.7,69,1014.7,100,11.6,91,0.3,1,,Overcast,cloudy,"72505394728,KEWR,KLGA,72502014734,F1417,KNYC,72503014732"
"New York, NY, United States",2023-01-05T14:00:00,9.8,8.7,7.2,83.69,0,0,,0,0,15.1,8.4,50,1013.9,100,14.7,97,0.3,1,,Overcast,cloudy,"72505394728,KEWR,KLGA,72502014734,F1417,KNYC,72503014732"
"New York, NY, United States",2023-01-05T15:00:00,9.4,7.9,6.8,84,0,0,,0,0,16.2,10.4,38,1013.8,100,16,53,0.2,1,,Overcast,cloudy,"72505394728,KEWR,KLGA,72502014734,F1417,KNYC,72503014732"
"New York, NY, United States",2023-01-05T16:00:00,9,7.3,6.7,85.28,0,0,,0,0,16.2,10.9,33,1013.7,100,16,31,0.1,0,,Overcast,cloudy,"72505394728,KEWR,KLGA,72502014734,F1417,KNYC,72503014732"
"New York, NY, United States",2023-01-05T17:00:00,8.6,7.4,6.7,87.59,0,0,,0,0,14.4,7.8,82,1014,100,14.8,3,0,0,,Overcast,cloudy,"72505394728,KEWR,KLGA,72502014734,F8726,KNYC,72503014732"
"New York, NY, United States",2023-01-05T18:00:00,8.4,7.4,6.7,89.07,0,0,,0,0,16.9,6.7,54,1014,100,15.7,21,0.1,0,,Overcast,cloudy,"72505394728,KEWR,E5816,KLGA,KNYC,72503014732"
"New York, NY, United States",2023-01-05T19:00:00,8.3,7.5,6.8,89.95,0.067,100,rain,0,0,17.3,6.3,58,1014.6,100,12.6,227,0.8,0,,"Rain, Overcast",rain,"72505394728,KEWR,KLGA,72502014734,D2180,KNYC,72503014732"
"New York, NY, United States",2023-01-05T20:00:00,8.3,6,6.7,89.65,0,0,,0,0,15.1,13.3,85,1014.2,100,13,225,0.8,0,,Overcast,cloudy,"72505394728,KEWR,KLGA,72502014734,D2180,KNYC,72503014732"
"New York, NY, United States",2023-01-05T21:00:00,8.2,6.6,6.3,88.03,0,0,,0,0,13,9.4,46,1014.6,100,11.2,225,0.8,0,,Overcast,cloudy,"72505394728,KEWR,KLGA,72502014734,D2180,KNYC,72503014732"
"New York, NY, United States",2023-01-05T22:00:00,7.8,5.7,6.4,91.16,0,0,,0,0,11.5,11.7,75,1014.8,100,5.3,225,0.8,0,,Overcast,cloudy,"72505394728,KEWR,KLGA,72502014734,D2180,KNYC,72503014732"
"New York, NY, United States",2023-01-05T23:00:00,7.4,4.8,6.1,91.45,0,0,,0,0,11.9,14,70,1014.7,100,4.6,225,0.8,0,,Overcast,cloudy,"72505394728,KEWR,KLGA,72502014734,D2180,KNYC,72503014732"
"New York, NY, United States",2023-01-06T00:00:00,7.4,5.1,5.7,89.04,0,0,,0,0,13,12.4,82,1014.4,100,13.2,225,0.8,0,,Overcast,cloudy,"72505394728,KEWR,KLGA,72502014734,D2180,KNYC,72503014732"
"New York, NY, United States",2023-01-06T01:00:00,7.3,6.2,5.6,89.12,0.024,100,rain,0,0,11.5,6.6,69,1014.2,100,12.7,224,0.8,0,,"Rain, Overcast",rain,"72505394728,KEWR,KLGA,72502014734,D2180,KNYC,72503014732"
"New York, NY, United States",2023-01-06T02:00:00,7.1,5.9,5.5,89.89,0.584,100,rain,0,0,14.8,6.9,54,1014.5,100,6.1,223,0.8,0,,"Rain, Overcast",rain,"72505394728,KEWR,KLGA,72502014734,D2180,KNYC,72503014732"
"New York, NY, United States",2023-01-06T03:00:00,6.8,5,5.1,89.25,4.122,100,rain,0,0,11.5,9,358,1015.4,100,4,222,0.8,0,,"Rain, Overcast",rain,"72505394728,KEWR,KLGA,72502014734,D2180,KNYC,72503014732"
"New York, NY, United States",2023-01-06T04:00:00,6.3,4.3,4.9,90.82,1.721,100,rain,0,0,7.6,9.5,35,1014.8,100,10,222,0.8,0,,"Rain, Overcast",rain,"72505394728,KEWR,KLGA,72502014734,D2180,KNYC,72503014732"
"New York, NY, United States",2023-01-06T05:00:00,6.2,4.6,4.8,90.97,0,0,,0,0,6.5,8,59,1014.6,100,10.9,221,0.8,0,,Overcast,cloudy,"72505394728,KEWR,KLGA,72502014734,D2180,KNYC,72503014732"
"New York, NY, United States",2023-01-06T06:00:00,6,4.1,4.4,89.75,0,0,,0,0,9.7,9,74,1014,95.7,11.8,221,0.8,0,,Overcast,cloudy,"72505394728,KEWR,KLGA,72502014734,D2180,KNYC,72503014732"
"New York, NY, United States",2023-01-06T07:00:00,6.2,6.2,4.9,91.47,0,0,,0,0,16.2,3.3,34,1014.2,97.5,11.8,1,0,0,,Overcast,cloudy,"72505394728,KEWR,KLGA,72502014734,KNYC,F7617,72503014732"
"New York, NY, United States",2023-01-06T08:00:00,6.9,6.9,5,87.95,0.067,100,rain,0,0,16.9,3.3,63,1014.9,100,11.9,6,0,0,,"Rain, Overcast",rain,"72505394728,KEWR,KLGA,72502014734,F1417,KNYC,72503014732"
"New York, NY, United States",2023-01-06T09:00:00,6.8,5.2,4.9,88.02,0,0,,0,0,16.9,8,60,1014.9,100,10.8,31,0.1,0,,Overcast,cloudy,"72505394728,KEWR,KLGA,72502014734,F1417,KNYC,72503014732"
"New York, NY, United States",2023-01-06T10:00:00,6.8,6.8,4.9,87.54,0.048,100,rain,0,0,16.2,1.7,13,1015.5,100,8.5,32,0.1,0,,"Rain, Overcast",rain,"72505394728,KEWR,KLGA,72502014734,F1417,KNYC,72503014732"
"New York, NY, United States",2023-01-06T11:00:00,7.2,5.9,5.3,88.16,0.185,100,rain,0,0,12.6,6.9,145,1015.3,100,8,77,0.3,1,,"Rain, Overcast",rain,"72505394728,KEWR,KLGA,72502014734,F1417,KNYC,72503014732"
"New York, NY, United States",2023-01-06T12:00:00,7.2,5.8,4.8,84.77,0,0,,0,0,11.9,7.8,354,1014.6,100,9.3,76,0.3,1,,Overcast,cloudy,"72505394728,KEWR,KLGA,72502014734,F1417,KNYC,72503014732"
"New York, NY, United States",2023-01-06T13:00:00,8.1,6.4,4.4,77.55,0,0,,0,0,15.1,10,302,1014,96.2,13.3,216,0.8,2,,Overcast,cloudy,"72505394728,KEWR,KLGA,F1417,KNYC,72503014732"
"New York, NY, United States",2023-01-06T14:00:00,8.2,7,4.1,75.2,0.16,100,rain,0,0,50,7.8,288,1014,95.7,14.7,110,0.4,1,,"Rain, Overcast",rain,"72505394728,KEWR,KLGA,72502014734,F1417,KNYC,72503014732"
"New York, NY, United States",2023-01-06T15:00:00,8.4,6.6,3.6,71.75,0,0,,0,0,19.4,10.9,247,1014.3,95.7,16,106,0.4,1,,Overcast,cloudy,"72505394728,KEWR,KLGA,72502014734,F1417,KNYC,72503014732"
"New York, NY, United States",2023-01-06T16:00:00,8.8,6.4,2.3,63.56,0,0,,0,0,38.9,16,282,1014.9,95.7,16,76,0.3,1,,Overcast,cloudy,"72505394728,KEWR,KLGA,72502014734,F1417,KNYC,72503014732"
"New York, NY, United States",2023-01-06T17:00:00,7.9,5.8,2.1,66.61,0,0,,0,0,33.5,12.4,286,1015.6,88.9,16,20,0.1,0,,Partially cloudy,partly-cloudy-night,"72505394728,KEWR,KLGA,72502014734,F1417,KNYC,72503014732"
"New York, NY, United States",2023-01-06T18:00:00,7.9,5.8,1.8,65.52,0,0,,0,0,14.8,11.7,282,1016.5,95.7,16,13,0,0,,Overcast,cloudy,"72505394728,KEWR,E5816,KLGA,72502014734,KNYC,72503014732"
"New York, NY, United States",2023-01-06T19:00:00,7.4,5.1,0.3,60.75,0,0,,0,0,25.9,12.1,279,1017.4,65,16,221,0.8,0,,Partially cloudy,partly-cloudy-night,"72505394728,KEWR,KLGA,72502014734,D2180,KNYC,72503014732"
"New York, NY, United States",2023-01-06T20:00:00,6.4,3.2,-0.5,61.3,0,0,,0,0,31.7,16.7,292,1018.2,89.5,16,221,0.8,0,,Partially cloudy,partly-cloudy-night,"72505394728,KEWR,KLGA,72502014734,D2180,KNYC,72503014732"
"New York, NY, United States",2023-01-06T21:00:00,5.8,2.3,-1.1,61.16,0,0,,0,0,37.1,18.4,292,1018.9,95.7,16,220,0.8,0,,Overcast,cloudy,"72505394728,KEWR,KLGA,72502014734,D2180,KNYC,72503014732"
"New York, NY, United States",2023-01-06T22:00:00,5.8,2.5,-1.4,60.13,0,0,,0,0,37.1,16.7,283,1019.2,95.7,16,220,0.8,0,,Overcast,cloudy,"72505394728,KEWR,KLGA,72502014734,D2180,KNYC,72503014732"
"New York, NY, United States",2023-01-06T23:00:00,4.6,1.4,-1.4,65.21,0,0,,0,0,21.2,14.4,271,1019.8,19.2,16,218,0.8,0,,Clear,clear-night,"72505394728,KEWR,KLGA,72502014734,D2180,KNYC,72503014732"
"New York, NY, United States",2023-01-07T00:00:00,4.1,1,-1.3,67.66,0,0,,0,0,19.8,13.3,287,1019.6,15.6,16,217,0.8,0,,Clear,clear-night,"72505394728,KEWR,KLGA,72502014734,D2180,KNYC,72503014732"
"New York, NY, United States",2023-01-07T01:00:00,3.9,1,-1.7,67.03,0,0,,0,0,18,11.4,271,1019.4,4.4,16,217,0.8,0,,Clear,clear-night,"72505394728,KEWR,KLGA,72502014734,D2180,KNYC,72503014732"
"New York, NY, United States",2023-01-07T02:00:00,3.5,0,-2.2,66.24,0,0,,0,0,18.7,14.7,281,1019.4,6.1,16,217,0.8,0,,Clear,clear-night,"72505394728,KEWR,KLGA,72502014734,D2180,KNYC,72503014732"
"New York, NY, United States",2023-01-07T03:00:00,3.4,0.3,-2.1,67.16,0,0,,0,0,16.6,12.3,283,1019.6,10.5,16,216,0.8,0,,Clear,clear-night,"72505394728,KEWR,KLGA,72502014734,D2180,KNYC,72503014732"
"New York, NY, United States",2023-01-07T04:00:00,3.1,0,-1.8,70.21,0,0,,0,0,15.8,11.6,278,1019.6,4.4,16,217,0.8,0,,Clear,clear-night,"72505394728,KEWR,KLGA,72502014734,D2180,KNYC,72503014732"
"New York, NY, United States",2023-01-07T05:00:00,3,-0.6,-1.7,71.53,0,0,,0,0,16.9,14.1,277,1019.5,4.4,16,218,0.8,0,,Clear,clear-night,"72505394728,KEWR,KLGA,72502014734,D2180,KNYC,72503014732"
"New York, NY, United States",2023-01-07T06:00:00,3,-0.5,-1.7,71.53,0,0,,0,0,17.6,13.6,276,1019.8,20.3,16,220,0.8,0,,Partially cloudy,partly-cloudy-night,"72505394728,KEWR,KLGA,72502014734,D2180,KNYC,72503014732"
"New York, NY, United States",2023-01-07T07:00:00,3.5,0,-1.7,69.04,0,0,,0,0,17.3,14,283,1020.1,34.2,16,220,0.8,0,,Partially cloudy,partly-cloudy-night,"72505394728,KEWR,KLGA,72502014734,D2180,KNYC,72503014732"
"New York, NY, United States",2023-01-07T08:00:00,3.5,1,-1.7,68.66,0,0,,0,0,17.3,9.9,278,1020.4,95.7,16,16,0.1,0,,Overcast,cloudy,"72505394728,KEWR,KLGA,72502014734,F1417,KNYC,72503014732"
"New York, NY, United States",2023-01-07T09:00:00,4,0.8,-2,64.8,0,0,,0,0,19.8,13.7,287,1020.9,97.5,16,32,0.1,0,,Overcast,cloudy,"72505394728,KEWR,KLGA,72502014734,F1417,KNYC,72503014732"
"New York, NY, United States",2023-01-07T10:00:00,4.5,1.6,-1.7,64.4,0,0,,0,0,20.9,12.2,283,1021.3,95.7,16,101,0.4,1,,Overcast,cloudy,"72505394728,KEWR,KLGA,72502014734,F1417,KNYC,72503014732"
"New York, NY, United States",2023-01-07T11:00:00,5.7,3.2,-2,57.61,0,0,,0,0,37.1,11.7,292,1020.8,95.7,16,252,0.9,3,,Overcast,cloudy,"72505394728,KEWR,KLGA,72502014734,F1417,KNYC,72503014732"
"New York, NY, United States",2023-01-07T12:00:00,6.9,4,-2.4,51.47,0,0,,0,0,35.3,15.7,296,1019.9,88.9,16,296,1.1,3,,Partially cloudy,partly-cloudy-day,"72505394728,KEWR,KLGA,72502014734,F1417,KNYC,72503014732"
"New York, NY, United States",2023-01-07T13:00:00,6.8,3.7,-2.7,50.86,0,0,,0,0,37.1,17,292,1019.6,97.5,16,227,0.8,2,,Overcast,cloudy,"72505394728,KEWR,KLGA,72502014734,F1417,KNYC,72503014732"
"New York, NY, United States",2023-01-07T14:00:00,6.9,3.9,-2.6,50.8,0,0,,0,0,37.1,16.7,286,1019.6,97.5,16,147,0.5,1,,Overcast,cloudy,"72505394728,KEWR,KLGA,72502014734,F1417,KNYC,72503014732"
"New York, NY, United States",2023-01-07T15:00:00,6.8,4.2,-2.1,53.25,0,0,,0,0,37.1,13.5,292,1019.9,95.7,16,79,0.3,1,,Overcast,cloudy,"72505394728,KEWR,KLGA,72502014734,F1417,KNYC,72503014732"
"New York, NY, United States",2023-01-07T16:00:00,6.8,4.1,-2.1,53.25,0,0,,0,0,29.5,13.8,298,1020.2,95.7,16,57,0.2,1,,Overcast,cloudy,"72505394728,KEWR,KLGA,72502014734,F1417,KNYC,72503014732"
"New York, NY, United States",2023-01-07T17:00:00,6.2,3.8,-2.4,53.97,0,0,,0,0,37.1,12.1,288,1020.6,34.2,16,13,0,0,,Partially cloudy,partly-cloudy-night,"72505394728,KEWR,KLGA,72502014734,F1417,KNYC,72503014732"
"New York, NY, United States",2023-01-07T18:00:00,5.8,3.2,-2.3,55.9,0,0,,0,0,29.5,12.5,281,1021.4,34.2,16,13,0,0,,Partially cloudy,partly-cloudy-night,"72505394728,KEWR,E5816,KLGA,72502014734,KNYC,72503014732"
"New York, NY, United States",2023-01-07T19:00:00,5.8,3,-2.7,54.45,0,0,,0,0,21.6,13.4,274,1022.1,34.2,16,220,0.8,0,,Partially cloudy,partly-cloudy-night,"72505394728,KEWR,KLGA,72502014734,D2180,KNYC,72503014732"
"New York, NY, United States",2023-01-07T20:00:00,5.1,1.9,-1.7,61.39,0,0,,0,0,29.5,15.6,278,1022.9,30.4,16,220,0.8,0,,Partially cloudy,partly-cloudy-night,"72505394728,KEWR,KLGA,72502014734,D2180,KNYC,72503014732"
"New York, NY, United States",2023-01-07T21:00:00,5,1.6,-2,60.63,0,0,,0,0,22.7,16.1,284,1023.2,14.1,16,220,0.8,0,,Clear,clear-night,"72505394728,KEWR,KLGA,72502014734,D2180,KNYC,72503014732"
"New York, NY, United States",2023-01-07T22:00:00,4.6,1.9,-2.2,61.31,0,0,,0,0,22,11.6,284,1023.3,20.3,16,220,0.8,0,,Partially cloudy,partly-cloudy-night,"72505394728,KEWR,KLGA,72502014734,D2180,KNYC,72503014732"
"New York, NY, United States",2023-01-07T23:00:00,4.4,1.7,-3.1,58.37,0,0,,0,0,21.2,11.1,295,1023.7,20.3,16,221,0.8,0,,Partially cloudy,partly-cloudy-night,"72505394728,KEWR,KLGA,72502014734,D2180,KNYC,72503014732"
"New York, NY, United States",2023-01-08T00:00:00,4,0.7,-3.7,57.29,0,0,,0,0,20.5,13.6,314,1023.8,10.5,16,220,0.8,0,,Clear,clear-night,"72505394728,KEWR,KLGA,72502014734,D2180,KNYC,72503014732"
"New York, NY, United States",2023-01-08T01:00:00,3.5,0.5,-3.9,58.79,0,0,,0,0,20.2,11.4,277,1024,10.5,16,220,0.8,0,,Clear,clear-night,"72505394728,KEWR,KLGA,72502014734,D2180,KNYC,72503014732"
"New York, NY, United States",2023-01-08T02:00:00,3,-1.1,-4.2,59.51,0,0,,0,0,18.7,17.2,316,1024.4,4.4,16,220,0.8,0,,Clear,clear-night,"72505394728,KEWR,KLGA,72502014734,D2180,KNYC,72503014732"
"New York, NY, United States",2023-01-08T03:00:00,2.7,-0.4,-4.7,58.12,0,0,,0,0,17.6,11.7,298,1025.2,0,16,219,0.8,0,,Clear,clear-night,"72505394728,KEWR,KLGA,72502014734,D2180,KNYC,72503014732"
"New York, NY, United States",2023-01-08T04:00:00,2.4,-1.5,-4.8,59.11,0,0,,0,0,15.5,15.3,302,1025.2,0,16,218,0.8,0,,Clear,clear-night,"72505394728,KEWR,KLGA,72502014734,D2180,KNYC,72503014732"
"New York, NY, United States",2023-01-08T05:00:00,1.9,-1.8,-6.1,55.53,0,0,,0,0,14.8,13.6,303,1025.7,0,16,216,0.8,0,,Clear,clear-night,"72505394728,KEWR,KLGA,72502014734,D2180,KNYC,72503014732"
"New York, NY, United States",2023-01-08T06:00:00,1.7,-1.7,-6.1,56.2,0,0,,0,0,14.4,12.1,298,1026.4,0,16,217,0.8,0,,Clear,clear-night,"72505394728,KEWR,KLGA,72502014734,D2180,KNYC,72503014732"
"New York, NY, United States",2023-01-08T07:00:00,1.3,-0.7,-6.6,55.89,0,0,,0,0,14,6.4,349,1026.5,0,16,1,0,0,,Clear,clear-night,"72505394728,KEWR,KLGA,72502014734,F8726,KNYC,72503014732"
"New York, NY, United States",2023-01-08T08:00:00,0.8,-2.4,-6,60.16,0,0,,0,0,13.3,10.5,355,1026.6,10.5,16,16,0.1,0,,Clear,clear-day,"72505394728,KEWR,KLGA,72502014734,F1417,KNYC,72503014732"
"New York, NY, United States",2023-01-08T09:00:00,1.3,1.3,-6,58.41,0,0,,0,0,11.9,4.6,354,1027.1,10.5,16,95,0.3,1,,Clear,clear-day,"72505394728,KEWR,KLGA,72502014734,F1417,KNYC,72503014732"
"New York, NY, United States",2023-01-08T10:00:00,2.1,-1.4,-5.9,55.64,0,0,,0,0,8.6,12.5,31,1027.3,10.5,16,278,1,3,,Clear,clear-day,"72505394728,KEWR,KLGA,72502014734,F1417,KNYC,72503014732"
"New York, NY, United States",2023-01-08T11:00:00,2.5,0.2,-6.3,52.41,0,0,,0,0,6.5,7.8,40,1027.1,14.1,16,435,1.6,4,,Clear,clear-day,"72505394728,KEWR,KLGA,72502014734,F1417,KNYC,72503014732"
"New York, NY, United States",2023-01-08T12:00:00,3.6,1.5,-6.5,47.6,0,0,,0,0,6.8,8,349,1025.9,25.4,16,447,1.6,4,,Partially cloudy,partly-cloudy-day,"72505394728,KEWR,KLGA,72502014734,F1417,KNYC,72503014732"
"New York, NY, United States",2023-01-08T13:00:00,4.2,4.2,-8.5,38.97,0,0,,0,0,9,0,0,1025.1,34.2,16,342,1.2,3,,Partially cloudy,partly-cloudy-day,"72505394728,KEWR,KLGA,72502014734,F1417,KNYC,72503014732"
"New York, NY, United States",2023-01-08T14:00:00,4.3,4.3,-8.7,38.07,0,0,,0,0,8.3,3.2,61,1024.3,34.2,16,236,0.8,2,,Partially cloudy,partly-cloudy-day,"72505394728,KEWR,KLGA,72502014734,F1417,KNYC,72503014732"
"New York, NY, United States",2023-01-08T15:00:00,5,3.5,-7.8,39.21,0,0,,0,0,11.2,6.5,106,1024.4,34.2,16,144,0.5,1,,Partially cloudy,partly-cloudy-day,"72505394728,KEWR,KLGA,72502014734,F1417,KNYC,72503014732"
"New York, NY, United States",2023-01-08T16:00:00,4.5,4.5,-8.5,38.48,0,0,,0,0,11.5,3.6,60,1023.7,34.2,16,64,0.2,1,,Partially cloudy,partly-cloudy-day,"72505394728,KEWR,KLGA,72502014734,F1417,KNYC,72503014732"
"New York, NY, United States",2023-01-08T17:00:00,3.9,1.1,-7.7,42.72,0,0,,0,0,11.9,10.9,210,1023.5,34.2,16,15,0.1,0,,Partially cloudy,partly-cloudy-night,"72505394728,KEWR,KLGA,72502014734,F1417,KNYC,72503014732"
"New York, NY, United States",2023-01-08T18:00:00,3.4,0.7,-5.7,51.14,0,0,,0,0,14.8,10.4,175,1023.1,34.2,16,15,0.1,0,,Partially cloudy,partly-cloudy-night,"72505394728,KEWR,E5816,KLGA,72502014734,KNYC,72503014732"
"New York, NY, United States",2023-01-08T19:00:00,3.4,1,-3.7,59.67,0,0,,0,0,15.1,9.2,171,1022.5,65,16,218,0.8,0,,Partially cloudy,partly-cloudy-night,"72505394728,KEWR,KLGA,72502014734,D2180,KNYC,72503014732"
"New York, NY, United States",2023-01-08T20:00:00,3.4,1.3,-3.9,59.09,0,0,,0,0,16.2,7.7,164,1022.1,65,16,216,0.8,0,,Partially cloudy,partly-cloudy-night,"72505394728,KEWR,KLGA,72502014734,D2180,KNYC,72503014732"
"New York, NY, United States",2023-01-08T21:00:00,3.5,0.1,-3.7,59.49,0,0,,0,0,17.3,13.9,211,1021.8,65,16,216,0.8,0,,Partially cloudy,partly-cloudy-night,"72505394728,KEWR,KLGA,72502014734,D2180,KNYC,72503014732"
"New York, NY, United States",2023-01-08T22:00:00,3.8,1.8,-3.2,60.23,0,0,,0,0,17.3,7.7,193,1021,35.9,16,217,0.8,0,,Partially cloudy,partly-cloudy-night,"72505394728,KEWR,KLGA,72502014734,D2180,KNYC,72503014732"
"New York, NY, United States",2023-01-08T23:00:00,3.4,1,-2.6,64.99,0,0,,0,0,16.2,8.7,195,1020.2,52.6,16,218,0.8,0,,Partially cloudy,partly-cloudy-night,"72505394728,KEWR,KLGA,72502014734,D2180,KNYC,72503014732"
"New York, NY, United States",2023-01-09T00:00:00,3.8,1,-2.2,64.97,0,0,,0,0,15.8,11,207,1019.5,100,16,218,0.8,0,,Overcast,cloudy,"72505394728,KEWR,KLGA,72502014734,D2180,KNYC,72503014732"
"New York, NY, United States",2023-01-09T01:00:00,4.2,1.7,-1.7,65.75,0,0,,0,0,14.4,9.9,217,1018.3,100,16,218,0.8,0,,Overcast,cloudy,"72505394728,KEWR,KLGA,72502014734,D2180,KNYC,72503014732"
"New York, NY, United States",2023-01-09T02:00:00,4.2,4.2,-0.8,70.33,0,0,,0,0.1,10.8,2.4,17,1017.4,100,16,218,0.8,0,,Overcast,cloudy,"72505394728,KEWR,KLGA,72502014734,D2180,KNYC,72503014732"
"New York, NY, United States",2023-01-09T03:00:00,3.5,0.6,0,77.36,0,0,,0,0.2,7.6,11.7,227,1016.8,100,13.8,218,0.8,0,,Overcast,cloudy,"72505394728,KEWR,KLGA,72502014734,D2180,KNYC,72503014732"
"New York, NY, United States",2023-01-09T04:00:00,3.4,3.4,1,83.98,0.048,100,rain,0,0.4,6.5,2.1,310,1015.4,100,11.3,218,0.8,0,,"Rain, Overcast",rain,"72505394728,KEWR,KLGA,72502014734,D2180,KNYC,72503014732"
"New York, NY, United States",2023-01-09T05:00:00,3,3,0.5,83.74,0.118,100,rain,0,0,5,2.8,350,1014.7,100,14.5,219,0.8,0,,"Rain, Overcast",rain,"72505394728,KEWR,KLGA,D2180,KNYC,72503014732"
"New York, NY, United States",2023-01-09T06:00:00,3,3,0.9,85.76,0,0,,0,0,5,3.4,326,1014.7,100,14.8,220,0.8,0,,Overcast,cloudy,"72505394728,KEWR,KLGA,72502014734,D2180,KNYC,72503014732"
"New York, NY, United States",2023-01-09T07:00:00,3.4,3.4,0.6,82.08,0,0,,0,0,5.8,0,0,1014.1,100,14.8,221,0.8,0,,Overcast,cloudy,"72505394728,KEWR,KLGA,72502014734,D2180,KNYC,72503014732"
"New York, NY, United States",2023-01-09T08:00:00,3.5,0.9,0.1,78.62,0,0,,0,0,9.4,9.8,303,1014.2,97.3,14.2,13,0,0,,Overcast,cloudy,"72505394728,KEWR,KLGA,72502014734,F1417,KNYC,72503014732"
"New York, NY, United States",2023-01-09T09:00:00,3.5,1.5,0,77.81,0,0,,0,0,13.7,7.7,278,1014.6,97.3,14.2,50,0.2,1,,Overcast,cloudy,"72505394728,KEWR,KLGA,72502014734,F1417,KNYC,72503014732"
"New York, NY, United States",2023-01-09T10:00:00,3.7,3.7,-0.5,74.04,0,0,,0,0,15.5,4.8,329,1014.5,89.5,14.8,165,0.6,2,,Partially cloudy,partly-cloudy-day,"72505394728,KEWR,KLGA,72502014734,F1417,KNYC,72503014732"
"New York, NY, United States",2023-01-09T11:00:00,5,1.7,-1.8,61.33,0,0,,0,0,22,16,291,1014.1,35.9,16,424,1.5,4,,Partially cloudy,partly-cloudy-day,"72505394728,KEWR,KLGA,72502014734,F1417,KNYC,72503014732"
"New York, NY, United States",2023-01-09T12:00:00,5.9,3.4,-2.6,54.4,0,0,,0,0,26.3,12,306,1013.1,15.6,16,458,1.6,5,,Clear,clear-day,"72505394728,KEWR,KLGA,72502014734,F1417,KNYC,72503014732"
"New York, NY, United States",2023-01-09T13:00:00,6.4,3.4,-3.6,48.61,0,0,,0,0,25.2,16.2,304,1012.2,10.5,16,448,1.6,4,,Clear,clear-day,"72505394728,KEWR,KLGA,72502014734,F1417,KNYC,72503014732"
"New York, NY, United States",2023-01-09T14:00:00,7,4.2,-4.1,45.31,0,0,,0,0,35.3,15.2,308,1011.7,10.5,16,358,1.3,4,,Clear,clear-day,"72505394728,KEWR,KLGA,72502014734,F1417,KNYC,72503014732"
"New York, NY, United States",2023-01-09T15:00:00,7,3.7,-4.3,44.37,0,0,,0,0,38.9,19.2,306,1011.7,6.1,16,285,1,3,,Clear,clear-day,"72505394728,KEWR,KLGA,72502014734,F1417,KNYC,72503014732"
"New York, NY, United States",2023-01-09T16:00:00,6.4,3.6,-5.4,42.63,0,0,,0,0,23.8,14.7,277,1012.1,6.1,16,117,0.4,1,,Clear,clear-day,"72505394728,KEWR,KLGA,72502014734,F1417,KNYC,72503014732"
"New York, NY, United States",2023-01-09T17:00:00,5.3,1.8,-6.4,42.62,0,0,,0,0,29.4,17.8,300,1012.4,6.1,16,11,0,0,,Clear,clear-night,"72505394728,KEWR,KLGA,72502014734,F1417,KNYC,72503014732"
"New York, NY, United States",2023-01-09T18:00:00,4.7,1.8,-5.7,47.05,0,0,,0,0,21.6,12.8,310,1013,0,16,16,0.1,0,,Clear,clear-night,"72505394728,KEWR,E5816,KLGA,72502014734,KNYC,72503014732"
"New York, NY, United States",2023-01-09T19:00:00,4.5,2.1,-5.5,48.4,0,0,,0,0,21.2,9.5,289,1013.5,0,16,103,0.4,0,,Clear,clear-night,"72505394728,KEWR,KLGA,72502014734,F2458,KNYC,72503014732"
"New York, NY, United States",2023-01-09T20:00:00,4.5,2.1,-5.5,48.4,0,0,,0,0,21.2,9.7,323,1013.3,0,16,11,0,0,,Clear,clear-night,"72505394728,KEWR,KLGA,72502014734,F2458,KNYC,72503014732"
"New York, NY, United States",2023-01-09T21:00:00,4.3,2.5,-5.4,49.26,0,0,,0,0,20.2,7.2,273,1013.2,0,16,220,0.8,0,,Clear,clear-night,"72505394728,KEWR,KLGA,72502014734,D2180,KNYC,72503014732"
"New York, NY, United States",2023-01-09T22:00:00,4,0.8,-5,51.86,0,0,,0,0,31.7,13.3,267,1013.3,4.4,16,220,0.8,0,,Clear,clear-night,"72505394728,KEWR,KLGA,72502014734,D2180,KNYC,72503014732"
"New York, NY, United States",2023-01-09T23:00:00,3.9,1.1,-5.2,51.75,0,0,,0,0,22.7,11.3,251,1013.5,4.4,16,220,0.8,0,,Clear,clear-night,"72505394728,KEWR,KLGA,72502014734,D2180,KNYC,72503014732"
"New York, NY, United States",2023-01-10T00:00:00,3.9,1,-5.2,51.75,0,0,,0,0,23.4,11.5,281,1013.5,4.4,16,220,0.8,0,,Clear,clear-night,"72505394728,KEWR,KLGA,72502014734,D2180,KNYC,72503014732"
"New York, NY, United States",2023-01-10T01:00:00,3.4,0.2,-5.5,52.02,0,0,,0,0,22.7,12.5,278,1013.7,4.4,16,218,0.8,0,,Clear,clear-night,"72505394728,KEWR,KLGA,72502014734,D2180,KNYC,72503014732"
"New York, NY, United States",2023-01-10T02:00:00,3.7,0.7,-5.4,51.46,0,0,,0,0,21.2,11.7,289,1014.4,15.6,16,218,0.8,0,,Clear,clear-night,"72505394728,KEWR,KLGA,72502014734,D2180,KNYC,72503014732"
"New York, NY, United States",2023-01-10T03:00:00,3.4,0.7,-5.2,53.46,0,0,,0,0,19.8,10.3,263,1015.1,89.5,16,217,0.8,0,,Partially cloudy,partly-cloudy-night,"72505394728,KEWR,KLGA,72502014734,D2180,KNYC,72503014732"
"New York, NY, United States",2023-01-10T04:00:00,3.2,2.1,-4.9,55.33,0,0,,0,0,18,5,314,1014.8,95.7,16,222,0.8,0,,Overcast,cloudy,"72505394728,KEWR,KLGA,72502014734,D2180,KNYC,72503014732"
"New York, NY, United States",2023-01-10T05:00:00,3.6,1.1,-4.8,54.44,0,0,,0,0,18.4,9.6,279,1015.2,100,16,221,0.8,0,,Overcast,cloudy,"72505394728,KEWR,KLGA,72502014734,D2180,KNYC,72503014732"
"New York, NY, United States",2023-01-10T06:00:00,3.3,-0.1,-3.9,59.55,0,0,,0,0,18.7,13.4,283,1015.8,100,16,221,0.8,0,,Overcast,cloudy,"72505394728,KEWR,KLGA,72502014734,D2180,KNYC,72503014732"
"New York, NY, United States",2023-01-10T07:00:00,3.7,1,-3.9,57.85,0,0,,0,0,19.1,10.4,280,1016.2,100,16,1,0,0,,Overcast,cloudy,"72505394728,KEWR,KLGA,72502014734,KNYC,F7617,72503014732"
"New York, NY, United States",2023-01-10T08:00:00,3.6,3.6,-3.8,58.71,0,0,,0,0,19.8,4.7,312,1016.7,100,16,12,0,0,,Overcast,cloudy,"72505394728,KEWR,KLGA,72502014734,F1417,KNYC,72503014732"
"New York, NY, United States",2023-01-10T09:00:00,4.3,1.7,-3.4,57.37,0,0,,0,0,20.2,10.3,274,1017.2,100,16,34,0.1,0,,Overcast,cloudy,"72505394728,KEWR,KLGA,72502014734,F1417,KNYC,72503014732"
"New York, NY, United States",2023-01-10T10:00:00,4.3,1.7,-3.5,57.23,0,0,,0,0,19.4,10.3,263,1017.6,100,16,62,0.2,1,,Overcast,cloudy,"72505394728,KEWR,KLGA,72502014734,F1417,KNYC,72503014732"
"New York, NY, United States",2023-01-10T11:00:00,4.5,3.4,-3.3,56.81,0,0,,0,0,23.4,5.3,310,1017.5,100,14.8,85,0.3,1,,Overcast,cloudy,"72505394728,KEWR,KLGA,72502014734,F1417,KNYC,72503014732"
"New York, NY, United States",2023-01-10T12:00:00,4.6,2.6,-3.3,56.4,0,0,,0,0,23.8,8.2,272,1016.7,100,16,114,0.4,1,,Overcast,cloudy,"72505394728,KEWR,KLGA,72502014734,F1417,KNYC,72503014732"
"New York, NY, United States",2023-01-10T13:00:00,4.7,2.4,-3.3,55.99,0,0,,0,0,21.2,9.8,281,1016.3,100,14.8,103,0.4,1,,Overcast,cloudy,"72505394728,KEWR,KLGA,72502014734,F1417,KNYC,72503014732"
"New York, NY, United States",2023-01-10T14:00:00,5.1,2.2,-2.9,56.26,0,0,,0,0,21.2,12.8,271,1016.4,100,16,65,0.2,1,,Overcast,cloudy,"72505394728,KEWR,KLGA,72502014734,F1417,KNYC,72503014732"
"New York, NY, United States",2023-01-10T15:00:00,5.1,2.7,-2.7,57.17,0,0,,0,0,17.3,10.3,284,1016.4,100,16,45,0.2,0,,Overcast,cloudy,"72505394728,KEWR,KLGA,72502014734,F1417,KNYC,72503014732"
"New York, NY, United States",2023-01-10T16:00:00,5.1,5.1,-2.3,58.86,0,0,,0,0,13.3,4.5,325,1016.6,100,14.8,34,0.1,0,,Overcast,cloudy,"72505394728,KEWR,KLGA,72502014734,F1417,KNYC,72503014732"
"New York, NY, United States",2023-01-10T17:00:00,5.1,3,-2.8,56.69,0,0,,0,0,9.4,8.9,310,1016.9,100,16,11,0,0,,Overcast,cloudy,"72505394728,KEWR,KLGA,72502014734,F1417,KNYC,72503014732"
"New York, NY, United States",2023-01-10T18:00:00,5.1,2.2,-3.1,55.41,0,0,,0,0,7.6,13.1,305,1017.4,100,16,16,0.1,0,,Overcast,cloudy,"72505394728,KEWR,E5816,KLGA,72502014734,KNYC,72503014732"
"New York, NY, United States",2023-01-10T19:00:00,5.1,2.8,-4,51.85,0,0,,0,0,7.6,10,313,1018,100,16,221,0.8,0,,Overcast,cloudy,"72505394728,KEWR,KLGA,72502014734,D2180,KNYC,72503014732"
"New York, NY, United States",2023-01-10T20:00:00,4.7,1.9,-4.3,52.22,0,0,,0,0,7.2,12,328,1018.5,100,16,221,0.8,0,,Overcast,cloudy,"72505394728,KEWR,KLGA,72502014734,D2180,KNYC,72503014732"
"New York, NY, United States",2023-01-10T21:00:00,4.5,3.5,-4.4,52.55,0,0,,0,0,7.6,5,354,1018.8,100,16,220,0.8,0,,Overcast,cloudy,"72505394728,KEWR,KLGA,72502014734,D2180,KNYC,72503014732"
"New York, NY, United States",2023-01-10T22:00:00,4.1,2,-4.9,51.76,0,0,,0,0,9,8.4,342,1019.4,100,16,220,0.8,0,,Overcast,cloudy,"72505394728,KEWR,KLGA,72502014734,D2180,KNYC,72503014732"
"New York, NY, United States",2023-01-10T23:00:00,4,1.4,-4.7,53.04,0,0,,0,0,12.2,10.7,344,1019.6,100,16,220,0.8,0,,Overcast,cloudy,"72505394728,KEWR,KLGA,72502014734,D2180,KNYC,72503014732"
"New York, NY, United States",2023-01-11T00:00:00,4,1.8,-4.3,54.69,0,0,,0,0,15.1,8.8,34,1020,100,16,220,0.8,0,,Overcast,cloudy,"72505394728,KEWR,KLGA,72502014734,D2180,KNYC,72503014732"
"New York, NY, United States",2023-01-11T01:00:00,3.9,0.8,-3.9,56.88,0,0,,0,0,16.9,12.7,45,1020.2,100,16,220,0.8,0,,Overcast,cloudy,"72505394728,KEWR,KLGA,72502014734,D2180,KNYC,72503014732"
"New York, NY, United States",2023-01-11T02:00:00,3.8,0.8,-3.6,58.34,0,0,,0,0,18,12.1,65,1020.3,100,16,220,0.8,0,,Overcast,cloudy,"72505394728,KEWR,KLGA,72502014734,D2180,KNYC,72503014732"
"New York, NY, United States",2023-01-11T03:00:00,3.3,0,-3.7,60.16,0,0,,0,0,17.6,13.1,68,1021.3,100,16,220,0.8,0,,Overcast,cloudy,"72505394728,KEWR,KLGA,72502014734,D2180,KNYC,72503014732"
"New York, NY, United States",2023-01-11T04:00:00,2.8,-0.8,-4.6,58.46,0,0,,0,0,17.6,13.9,51,1021.8,100,16,220,0.8,0,,Overcast,cloudy,"72505394728,KEWR,KLGA,72502014734,D2180,KNYC,72503014732"
"New York, NY, United States",2023-01-11T05:00:00,2.7,-0.6,-5.3,55.75,0,0,,0,0,18,12.4,23,1022.3,100,16,220,0.8,0,,Overcast,cloudy,"72505394728,KEWR,KLGA,72502014734,D2180,KNYC,72503014732"
"New York, NY, United States",2023-01-11T06:00:00,2.2,-1.9,-6,54.76,0,0,,0,0,29.5,16.3,51,1021.8,100,16,219,0.8,0,,Overcast,cloudy,"72505394728,KEWR,KLGA,72502014734,D2180,KNYC,72503014732"
"New York, NY, United States",2023-01-11T07:00:00,1.8,-2.7,-5.9,56.91,0,0,,0,0,20.5,17.9,50,1022.5,100,16,1,0,0,,Overcast,cloudy,"72505394728,KEWR,KLGA,72502014734,F8726,KNYC,72503014732"
"New York, NY, United States",2023-01-11T08:00:00,1.8,-2,-5.7,57.8,0,0,,0,0,18,13.8,45,1023.5,100,16,16,0.1,0,,Overcast,cloudy,"72505394728,KEWR,KLGA,72502014734,F1417,KNYC,72503014732"
"New York, NY, United States",2023-01-11T09:00:00,2.2,-1.7,-5.3,57.8,0,0,,0,0,17.6,14.9,47,1023.7,97.5,16,71,0.3,1,,Overcast,cloudy,"72505394728,KEWR,KLGA,72502014734,F1417,KNYC,72503014732"
"New York, NY, United States",2023-01-11T10:00:00,2.5,-0.7,-5.5,55.24,0,0,,0,0,19.1,12,42,1024.7,100,16,119,0.4,1,,Overcast,cloudy,"72505394728,KEWR,KLGA,72502014734,F1417,KNYC,72503014732"
"New York, NY, United States",2023-01-11T11:00:00,2.9,0.2,-5.3,55.09,0,0,,0,0,18.4,9.9,32,1024.7,97.5,16,164,0.6,2,,Overcast,cloudy,"72505394728,KEWR,KLGA,72502014734,F1417,KNYC,72503014732"
"New York, NY, United States",2023-01-11T12:00:00,3.4,0.7,-5.8,51.17,0,0,,0,0,16.2,10.3,40,1024.4,97.5,16,171,0.6,2,,Overcast,cloudy,"72505394728,KEWR,KLGA,72502014734,F1417,KNYC,72503014732"
"New York, NY, United States",2023-01-11T13:00:00,3.8,1,-5.9,49.31,0,0,,0,0,14.8,11,46,1023.7,97.5,16,197,0.7,2,,Overcast,cloudy,"72505394728,KEWR,KLGA,72502014734,F1417,KNYC,72503014732"
"New York, NY, United States",2023-01-11T14:00:00,3.9,1.7,-6.4,47.01,0,0,,0,0,16.2,8.8,50,1023.4,97.5,16,201,0.7,2,,Overcast,cloudy,"72505394728,KEWR,KLGA,72502014734,F1417,KNYC,72503014732"
"New York, NY, United States",2023-01-11T15:00:00,4,1.9,-6.6,45.84,0,0,,0,0,14,8.3,63,1023.7,97.5,16,122,0.4,1,,Overcast,cloudy,"72505394728,KEWR,KLGA,72502014734,F1417,KNYC,72503014732"
"New York, NY, United States",2023-01-11T16:00:00,3.6,0.7,-6.5,47.59,0,0,,0,0,14.4,11.7,92,1023.8,93.1,16,59,0.2,1,,Overcast,cloudy,"72505394728,KEWR,KLGA,72502014734,F1417,KNYC,72503014732"
"New York, NY, United States",2023-01-11T17:00:00,3.5,0.5,-6.4,48.36,0,0,,0,0,12.2,12.1,79,1024,38.4,16,12,0,0,,Partially cloudy,partly-cloudy-night,"72505394728,KEWR,KLGA,72502014734,F1417,KNYC,72503014732"
"New York, NY, United States",2023-01-11T18:00:00,3.3,1.4,-6.3,49.3,0,0,,0,0,11.9,7.2,57,1024.5,35.9,16,16,0.1,0,,Partially cloudy,partly-cloudy-night,"72505394728,KEWR,E5816,KLGA,72502014734,KNYC,72503014732"
"New York, NY, United States",2023-01-11T19:00:00,3.5,0.4,-5.8,50.76,0,0,,0,0,12.2,12.4,87,1024.4,35.9,16,220,0.8,0,,Partially cloudy,partly-cloudy-night,"72505394728,KEWR,KLGA,72502014734,D2180,KNYC,72503014732"
"New York, NY, United States",2023-01-11T20:00:00,3.3,2.2,-4.4,56.92,0,0,,0,0,13.7,4.9,52,1024.6,32.2,16,220,0.8,0,,Partially cloudy,partly-cloudy-night,"72505394728,KEWR,KLGA,72502014734,D2180,KNYC,72503014732"
"New York, NY, United States",2023-01-11T21:00:00,3,0.3,-4,60.19,0,0,,0,0,13.7,10.2,106,1024.3,52.6,16,220,0.8,0,,Partially cloudy,partly-cloudy-night,"72505394728,KEWR,KLGA,72502014734,D2180,KNYC,72503014732"
"New York, NY, United States",2023-01-11T22:00:00,3,-0.2,-3.3,63.06,0,0,,0,0,14.8,12.1,101,1024.5,97.5,16,220,0.8,0,,Overcast,cloudy,"72505394728,KEWR,KLGA,72502014734,D2180,KNYC,72503014732"
"New York, NY, United States",2023-01-11T23:00:00,3.2,1.3,-3.3,62.3,0,0,,0,0,15.5,7.1,101,1024.7,100,16,220,0.8,0,,Overcast,cloudy,"72505394728,KEWR,KLGA,72502014734,D2180,KNYC,72503014732"
"New York, NY, United States",2023-01-12T00:00:00,2.9,-0.1,-2.8,66.08,0,0,,0,0,15.8,11,66,1024.2,100,16,218,0.8,0,,Overcast,cloudy,"72505394728,KEWR,KLGA,72502014734,D2180,KNYC,72503014732"
"New York, NY, United States",2023-01-12T01:00:00,3.4,1.1,-2.8,63.64,0,0,,0,0,16.6,8.5,76,1023.8,100,16,218,0.8,0,,Overcast,cloudy,"72505394728,KEWR,KLGA,72502014734,D2180,KNYC,72503014732"
"New York, NY, United States",2023-01-12T02:00:00,3.5,1.5,-2.2,66.17,0,0,,0,0,18,7.7,80,1023.5,100,16,220,0.8,0,,Overcast,cloudy,"72505394728,KEWR,KLGA,72502014734,D2180,KNYC,72503014732"
"New York, NY, United States",2023-01-12T03:00:00,3.8,1.3,-1.5,68.15,0,0,,0,0,18.7,9.6,58,1022.8,100,16,220,0.8,0,,Overcast,cloudy,"72505394728,KEWR,KLGA,72502014734,D2180,KNYC,72503014732"
"New York, NY, United States",2023-01-12T04:00:00,3.9,1.5,-1.2,69.35,0,0,,0,0,19.1,9.3,58,1022.3,100,16,220,0.8,0,,Overcast,cloudy,"72505394728,KEWR,KLGA,72502014734,D2180,KNYC,72503014732"
"New York, NY, United States",2023-01-12T05:00:00,4.4,4.4,-0.2,72.02,0,0,,0,0,18.4,3.7,34,1022,100,16,220,0.8,0,,Overcast,cloudy,"72505394728,KEWR,KLGA,72502014734,D2180,KNYC,72503014732"
"New York, NY, United States",2023-01-12T06:00:00,4.4,1.9,0.6,76,0,0,,0,0,18,10.5,56,1022.1,100,16,220,0.8,0,,Overcast,cloudy,"72505394728,KEWR,KLGA,72502014734,D2180,KNYC,72503014732"
"New York, NY, United States",2023-01-12T07:00:00,4.4,1.8,1.6,81.81,0.231,100,rain,0,0,17.3,10.5,53,1022.2,100,15.6,220,0.8,0,,"Rain, Overcast",rain,"72505394728,KEWR,KLGA,D2180,KNYC,72503014732"
"New York, NY, United States",2023-01-12T08:00:00,4.6,2.3,2.2,84.4,0.22,100,rain,0,0,14,9.6,68,1021.8,100,12.2,8,0,0,,"Rain, Overcast",rain,"72505394728,KEWR,KLGA,72502014734,F1417,KNYC,72503014732"
"New York, NY, United States",2023-01-12T09:00:00,5.1,2.5,3.1,86.69,0.633,100,rain,0,0,16.6,11.4,52,1021.8,100,6.8,14,0.1,0,,"Rain, Overcast",rain,"0826W,72505394728,KEWR,KLGA,72502014734,KNYC,72503014732"
"New York, NY, United States",2023-01-12T10:00:00,5.7,3.4,3.7,86.94,0.202,100,rain,0,0.1,17.6,10.2,86,1021.6,100,16,35,0.1,0,,"Rain, Overcast",rain,"72505394728,KEWR,KLGA,72502014734,F1417,KNYC,72503014732"
"New York, NY, United States",2023-01-12T11:00:00,6.2,4.3,4.2,87.11,0,0,,0,0.2,18.4,9.2,66,1021,100,16,59,0.2,1,,Overcast,cloudy,"72505394728,KEWR,KLGA,72502014734,F1417,KNYC,72503014732"
"New York, NY, United States",2023-01-12T12:00:00,6.7,4.5,4.7,87.52,0,0,,0,0.3,22,11,48,1019.4,100,16,77,0.3,1,,Overcast,cloudy,"72505394728,KEWR,KLGA,72502014734,F1417,KNYC,72503014732"
"New York, NY, United States",2023-01-12T13:00:00,7.2,5.5,4.9,85.24,0,0,,0,0.3,24.8,9.1,42,1017.6,100,12.4,99,0.4,1,,Overcast,cloudy,"72505394728,KEWR,KLGA,72502014734,F1417,KNYC,72503014732"
"New York, NY, United States",2023-01-12T14:00:00,7.8,6.1,5.5,85.28,0,0,,0,0.3,20.5,9.5,52,1016.7,100,12.8,42,0.2,0,,Overcast,cloudy,"72505394728,KEWR,KLGA,72502014734,F1417,KNYC,72503014732"
"New York, NY, United States",2023-01-12T15:00:00,8.5,6.4,5.5,81.48,0,0,,0,0.4,20.9,13.1,64,1015.6,100,16,44,0.2,0,,Overcast,cloudy,"72505394728,KEWR,KLGA,72502014734,F1417,KNYC,72503014732"
"New York, NY, United States",2023-01-12T16:00:00,8.8,7.1,5.9,81.97,0,0,,0,0.4,22.7,10.7,83,1014.6,100,16,15,0.1,0,,Overcast,cloudy,"72505394728,KEWR,KLGA,72502014734,F1417,KNYC,72503014732"
"New York, NY, United States",2023-01-12T17:00:00,10.7,10.7,7.6,81.11,0,0,,0,0.3,31.7,12.4,126,1012.9,100,16,5,0,0,,Overcast,cloudy,"72505394728,KEWR,KLGA,72502014734,F1417,KNYC,72503014732"
"New York, NY, United States",2023-01-12T18:00:00,11.7,11.7,9,83.6,0.142,100,rain,0,0.2,29.2,12.2,168,1012,100,13.5,16,0.1,0,,"Rain, Overcast",rain,"72505394728,KEWR,E5816,KLGA,72502014734,KNYC,72503014732"
"New York, NY, United States",2023-01-12T19:00:00,11.4,11.4,9.8,89.72,1.028,100,rain,0,0,32.7,20.3,152,1011.1,100,5.4,227,0.8,0,,"Rain, Overcast",rain,"72505394728,KEWR,KLGA,D2180,KNYC,72503014732"
"New York, NY, United States",2023-01-12T20:00:00,11.3,11.3,10.4,93.82,0.896,100,rain,0,0,30.6,14.5,158,1009.4,100,9.5,227,0.8,0,,"Rain, Overcast",rain,"72505394728,KEWR,KLGA,72502014734,D2180,KNYC,72503014732"
"New York, NY, United States",2023-01-12T21:00:00,11.8,11.8,10.4,91.44,1.039,100,rain,0,0,33.5,12,157,1008.1,100,9.4,227,0.8,0,,"Rain, Overcast",rain,"72505394728,KEWR,KLGA,72502014734,D2180,KNYC,72503014732"
"New York, NY, United States",2023-01-12T22:00:00,12.2,12.2,11,92.25,0.556,100,rain,0,0,43.2,11.1,180,1006.8,100,11.3,227,0.8,0,,"Rain, Overcast",rain,"72505394728,KEWR,KLGA,72502014734,D2180,KNYC,72503014732"
"New York, NY, United States",2023-01-12T23:00:00,12.3,12.3,10.9,91.23,0,0,,0,0,43.9,13.8,182,1005.9,100,12,227,0.8,0,,Overcast,cloudy,"72505394728,KEWR,KLGA,D2180,KNYC,72503014732"
"New York, NY, United States",2023-01-13T00:00:00,12.4,12.4,10.5,88.58,0,0,,0,0,42.5,13.8,176,1004.4,91.4,13.7,227,0.8,0,,Overcast,cloudy,"72505394728,KEWR,KLGA,72502014734,D2180,KNYC,72503014732"
"New York, NY, United States",2023-01-13T01:00:00,12.8,12.8,10.4,85.82,0.269,100,rain,0,0,63.7,13.1,153,1003,92.2,11.7,229,0.8,0,,"Rain, Overcast",rain,"72505394728,KEWR,KLGA,72502014734,D2180,KNYC,72503014732"
"New York, NY, United States",2023-01-13T02:00:00,11.7,11.7,10.2,90.48,1.773,100,rain,0,0,50,16.3,152,1001.8,100,11.3,229,0.8,0,,"Rain, Overcast",rain,"72505394728,KEWR,KLGA,72502014734,D2180,KNYC,72503014732"
"New York, NY, United States",2023-01-13T03:00:00,13.4,13.4,11.4,87.95,0.048,100,rain,0,0,33.5,7.5,275,1001.5,99.2,13.7,229,0.8,0,,"Rain, Overcast",rain,"72505394728,KEWR,KLGA,72502014734,D2180,KNYC,72503014732"
"New York, NY, United States",2023-01-13T04:00:00,13,13,10.7,85.96,0,0,,0,0,38.5,11.1,177,1000.4,54.3,14.9,229,0.8,0,,Partially cloudy,partly-cloudy-night,"72505394728,KEWR,KLGA,72502014734,D2180,KNYC,72503014732"
"New York, NY, United States",2023-01-13T05:00:00,11.9,11.9,9.9,87.72,0,0,,0,0,38.2,13.5,147,1000.2,93.1,13,229,0.8,0,,Overcast,cloudy,"72505394728,KEWR,KLGA,72502014734,D2180,KNYC,72503014732"
"New York, NY, United States",2023-01-13T06:00:00,11.8,11.8,9.3,84.82,0,0,,0,0,38.5,10.9,169,1000.7,100,14.3,229,0.8,0,,Overcast,cloudy,"72505394728,KEWR,KLGA,72502014734,D2180,KNYC,72503014732"
"New York, NY, United States",2023-01-13T07:00:00,11.6,11.6,9.6,87.76,1.775,100,rain,0,0,37.1,11.7,172,1000.5,100,11,228,0.8,0,,"Rain, Overcast",rain,"72505394728,KEWR,KLGA,72502014734,D2180,KNYC,72503014732"
"New York, NY, United States",2023-01-13T08:00:00,11.6,11.6,9.6,87.76,0.039,100,rain,0,0,34.2,12.1,174,1000.1,100,15.3,8,0,0,,"Rain, Overcast",rain,"72505394728,KEWR,KLGA,72502014734,F1417,KNYC,72503014732"
"New York, NY, United States",2023-01-13T09:00:00,11.6,11.6,9.2,85.41,0,0,,0,0,32.8,11.2,194,1000.4,100,15.6,35,0.1,0,,Overcast,cloudy,"72505394728,KEWR,KLGA,72502014734,F1417,KNYC,72503014732"
"New York, NY, United States",2023-01-13T10:00:00,12.8,12.8,10,83.08,0,0,,0,0,40.7,9.5,217,1000.1,100,16,71,0.3,1,,Overcast,cloudy,"72505394728,KEWR,KLGA,72502014734,F1417,KNYC,72503014732"
"New York, NY, United States",2023-01-13T11:00:00,13.3,13.3,9.8,79.52,0,0,,0,0,40.7,8,276,1000.4,100,16,55,0.2,1,,Overcast,cloudy,"72505394728,KEWR,KLGA,72502014734,F1417,KNYC,72503014732"
"New York, NY, United States",2023-01-13T12:00:00,12.3,12.3,9,80.21,0,0,,0,0,35.9,16.1,240,1000.3,100,16,66,0.2,1,,Overcast,cloudy,"72505394728,KEWR,KLGA,72502014734,F1417,KNYC,72503014732"
"New York, NY, United States",2023-01-13T13:00:00,12.3,12.3,7.5,72.77,0,0,,0,0,35.6,14,243,999.9,96.2,16,178,0.6,2,,Overcast,cloudy,"72505394728,KEWR,KLGA,F1417,KNYC,72503014732"
"New York, NY, United States",2023-01-13T14:00:00,10.1,10.1,5,70.44,0,0,,0,0,27.7,20.7,299,1000.6,97.3,16,72,0.3,1,,Overcast,cloudy,"72505394728,KEWR,KLGA,F1417,KNYC,72503014732"
"New York, NY, United States",2023-01-13T15:00:00,8.4,5,1.7,62.43,0,0,,0,0,33.3,24.5,301,1001.4,95.7,16,68,0.2,1,,Overcast,cloudy,"72505394728,KEWR,KLGA,72502014734,F1417,KNYC,72503014732"
"New York, NY, United States",2023-01-13T16:00:00,7.3,3.6,-0.4,58.05,0,0,,0,0,42.6,23.5,308,1002.2,50.8,16,61,0.2,1,,Partially cloudy,partly-cloudy-day,"72505394728,KEWR,KLGA,72502014734,F1417,KNYC,72503014732"
"New York, NY, United States",2023-01-13T17:00:00,5.8,1.9,-1.2,60.8,0,0,,0,0,36.4,22.6,303,1003.9,34.2,16,10,0,0,,Partially cloudy,partly-cloudy-night,"72505394728,KEWR,KLGA,72502014734,F1417,KNYC,72503014732"
"New York, NY, United States",2023-01-13T18:00:00,4.6,1,-1.6,63.8,0,0,,0,0,29.8,16.7,303,1004.4,47.5,16,27,0.1,0,,Partially cloudy,partly-cloudy-night,"72505394728,KEWR,E5816,KLGA,KNYC,72503014732"
"New York, NY, United States",2023-01-13T19:00:00,4.6,1,-2,62.32,0,0,,0,0,29.9,16.3,314,1005,96.2,16,220,0.8,0,,Overcast,cloudy,"72505394728,KEWR,KLGA,D2180,KNYC,72503014732"
"New York, NY, United States",2023-01-13T20:00:00,4.6,1,-2.1,61.6,0,0,,0,0,28.3,16.5,310,1005.6,100,16,220,0.8,0,,Overcast,cloudy,"72505394728,KEWR,KLGA,72502014734,D2180,KNYC,72503014732"
"New York, NY, United States",2023-01-13T21:00:00,4.1,0.1,-3.1,59.25,0,0,,0,0,31.7,19.5,313,1005.8,100,16,220,0.8,0,,Overcast,cloudy,"72505394728,KEWR,KLGA,72502014734,D2180,KNYC,72503014732"
"New York, NY, United States",2023-01-13T22:00:00,4,-0.8,-3.3,58.84,0,0,,0,0,31,25.9,340,1005.7,100,16,219,0.8,0,,Overcast,cloudy,"72505394728,KEWR,KLGA,72502014734,D2180,KNYC,72503014732"
"New York, NY, United States",2023-01-13T23:00:00,3.9,-0.4,-3.4,59.25,0,0,,0,0,40,20.3,351,1005.8,100,16,218,0.8,0,,Overcast,cloudy,"72505394728,KEWR,KLGA,72502014734,D2180,KNYC,72503014732"
"New York, NY, United States",2023-01-14T00:00:00,3.4,-1.7,-3.4,61.37,0,0,,0,0,40.3,26.2,358,1005.6,100,16,218,0.8,0,,Overcast,cloudy,"72505394728,KEWR,KLGA,72502014734,D2180,KNYC,72503014732"
"New York, NY, United States",2023-01-14T01:00:00,2.9,-0.8,-3.9,61.04,0,0,,0,0,43.8,15.1,352,1005.7,100,16,218,0.8,0,,Overcast,cloudy,"72505394728,KEWR,KLGA,72502014734,D2180,KNYC,72503014732"
"New York, NY, United States",2023-01-14T02:00:00,2.4,-2.5,-3.9,63.42,0,0,,0,0,41.4,22.2,4,1006.2,100,16,218,0.8,0,,Overcast,cloudy,"72505394728,KEWR,KLGA,72502014734,D2180,KNYC,72503014732"
"New York, NY, United States",2023-01-14T03:00:00,2.3,-2.6,-4.3,61.8,0,0,,0,0,40.7,22.6,9,1007.1,100,16,218,0.8,0,,Overcast,cloudy,"72505394728,KEWR,KLGA,72502014734,D2180,KNYC,72503014732"
"New York, NY, United States",2023-01-14T04:00:00,1.8,-2.8,-4,65.65,0,0,,0,0,38.9,19.1,332,1007.1,100,16,218,0.8,0,,Overcast,cloudy,"72505394728,KEWR,KLGA,72502014734,D2180,KNYC,72503014732"
"New York, NY, United States",2023-01-14T05:00:00,1,-4,-3.6,71.23,0,0,,0,0,38.3,20,348,1007.4,100,9.1,217,0.8,0,,Overcast,cloudy,"72505394728,KEWR,KLGA,72502014734,D2180,KNYC,72503014732"
"New York, NY, United States",2023-01-14T06:00:00,1.2,-3.5,-4.6,65.03,0,0,,0,0,37.2,18.4,351,1007.5,100,15.6,216,0.8,0,,Overcast,cloudy,"72505394728,KEWR,KLGA,72502014734,D2180,KNYC,72503014732"
"New York, NY, United States",2023-01-14T07:00:00,1.1,-4.2,-5,63.63,0,0,,0,0,40.1,23,351,1008,100,16,216,0.8,0,,Overcast,cloudy,"72505394728,KEWR,KLGA,72502014734,D2180,KNYC,72503014732"
"New York, NY, United States",2023-01-14T08:00:00,0.4,-4.4,-3.8,73.35,0,0,,0,0,50,18.2,346,1008.5,98.2,8.3,27,0.1,0,,Overcast,cloudy,"72505394728,KEWR,KLGA,72502014734,F1417,KNYC,72503014732"
"New York, NY, United States",2023-01-14T09:00:00,0.9,-3,-4.1,69.02,0,0,,0,0,40.5,13.2,346,1009.7,100,15.6,73,0.3,1,,Overcast,cloudy,"72505394728,KEWR,KLGA,72502014734,F1417,KNYC,72503014732"
"New York, NY, United States",2023-01-14T10:00:00,0.7,-5.4,-5.1,65.1,0,0,,0,0,46.4,29,347,1010.4,100,15.5,90,0.3,1,,Overcast,cloudy,"72505394728,KEWR,KLGA,F1417,KNYC,72503014732"
"New York, NY, United States",2023-01-14T11:00:00,1.1,-3.2,-5,63.77,0,0,,0,0,32.5,16,3,1010.7,100,8.3,137,0.5,1,,Overcast,cloudy,"72505394728,KEWR,KLGA,F1417,KNYC,72503014732"
"New York, NY, United States",2023-01-14T12:00:00,1.1,-3.5,-4.9,64.39,0,0,,0,0,37.8,18.1,6,1009.9,100,15.3,216,0.8,2,,Overcast,cloudy,"72505394728,KEWR,KLGA,F1417,KNYC,72503014732"
"New York, NY, United States",2023-01-14T13:00:00,1.8,-3.7,-5.3,59.65,0,0,,0,0,39.6,25.9,343,1010.2,100,16,138,0.5,1,,Overcast,cloudy,"72505394728,KEWR,KLGA,72502014734,F1417,KNYC,72503014732"
"New York, NY, United States",2023-01-14T14:00:00,2.2,-2.4,-5.7,55.79,0,0,,0,0,37.8,19.9,11,1009.8,100,16,160,0.6,2,,Overcast,cloudy,"72505394728,KEWR,KLGA,72502014734,F1417,KNYC,72503014732"
"New York, NY, United States",2023-01-14T15:00:00,2.2,-1.6,-5.8,55.32,0,0,,0,0,46.1,14.4,352,1010.4,97.5,16,131,0.5,1,,Overcast,cloudy,"72505394728,KEWR,KLGA,72502014734,F1417,KNYC,72503014732"
"New York, NY, United States",2023-01-14T16:00:00,1.7,-4.5,-6.2,55.8,0,0,,0,0,49.1,31.9,342,1010.9,95.7,16,52,0.2,1,,Overcast,cloudy,"72505394728,KEWR,KLGA,72502014734,F1417,KNYC,72503014732"
"New York, NY, United States",2023-01-14T17:00:00,1.1,-4.7,-6.2,57.99,0,0,,0,0,43.9,27,352,1011.7,100,16,12,0,0,,Overcast,cloudy,"72505394728,KEWR,KLGA,72502014734,F1417,KNYC,72503014732"
"New York, NY, United States",2023-01-14T18:00:00,0.8,-4.3,-6.5,57.91,0,0,,0,0,37.8,20.7,355,1011.9,100,15.6,19,0.1,0,,Overcast,cloudy,"72505394728,KEWR,E5816,KLGA,72502014734,KNYC,72503014732"
"New York, NY, United States",2023-01-14T19:00:00,0.8,-4.7,-6.5,57.91,0,0,,0,0,38.7,24.1,5,1012.5,100,16,216,0.8,0,,Overcast,cloudy,"72505394728,KEWR,KLGA,72502014734,D2180,KNYC,72503014732"
"New York, NY, United States",2023-01-14T20:00:00,0.1,-6,-6.7,60.49,0,0,,0,0,42.6,26.7,359,1011.7,100,16,216,0.8,0,,Overcast,cloudy,"72505394728,KEWR,KLGA,D2180,KNYC,72503014732"
"New York, NY, United States",2023-01-14T21:00:00,0.2,-5.1,-6.6,60.13,0,0,,0,0,59.7,21,11,1011.4,100,15.6,216,0.8,0,,Overcast,cloudy,"72505394728,KEWR,KLGA,72502014734,D2180,KNYC,72503014732"
"New York, NY, United States",2023-01-14T22:00:00,0.2,-5.2,-6.6,60.13,0,0,,0,0,43.3,21.7,2,1013,100,16,216,0.8,0,,Overcast,cloudy,"72505394728,KEWR,KLGA,72502014734,D2180,KNYC,72503014732"
"New York, NY, United States",2023-01-14T23:00:00,0.1,-5.4,-6.6,60.48,0,0,,0,0,36,22.4,352,1012.8,100,15.6,216,0.8,0,,Overcast,cloudy,"72505394728,KEWR,KLGA,72502014734,D2180,KNYC,72503014732"
"New York, NY, United States",2023-01-15T00:00:00,-0.4,-6.8,-6.6,62.9,0,0,,0,0,43.1,27.6,6,1012.6,100,16,216,0.8,0,,Overcast,cloudy,"72505394728,KEWR,KLGA,72502014734,D2180,KNYC,72503014732"
"New York, NY, United States",2023-01-15T01:00:00,-0.4,-6.7,-6.6,62.9,0,0,,0,0,49.7,27.3,2,1012.8,90.6,16,215,0.8,0,,Overcast,cloudy,"72505394728,KEWR,KLGA,72502014734,D2180,KNYC,72503014732"
"New York, NY, United States",2023-01-15T02:00:00,-0.5,-6.3,-7,61.9,0,0,,0,0,50.9,22.9,344,1013,35.9,16,218,0.8,0,,Partially cloudy,partly-cloudy-night,"72505394728,KEWR,KLGA,72502014734,D2180,KNYC,72503014732"
"New York, NY, United States",2023-01-15T03:00:00,-0.5,-6.9,-7,61.9,0,0,,0,0,44.1,27.5,6,1014,98.2,16,219,0.8,0,,Overcast,cloudy,"72505394728,KEWR,KLGA,72502014734,D2180,KNYC,72503014732"
"New York, NY, United States",2023-01-15T04:00:00,-0.9,-6.6,-7,63.3,0,0,,0,0,49.5,22.2,337,1014.1,100,16,218,0.8,0,,Overcast,cloudy,"72505394728,KEWR,KLGA,72502014734,D2180,KNYC,72503014732"
"New York, NY, United States",2023-01-15T05:00:00,-0.9,-7.3,-7,62.91,0,0,,0,0,43.8,27.2,340,1014.6,100,16,218,0.8,0,,Overcast,cloudy,"72505394728,KEWR,KLGA,72502014734,D2180,KNYC,72503014732"
"New York, NY, United States",2023-01-15T06:00:00,-1,-6.6,-7,63.82,0,0,,0,0,42.7,21,350,1015.2,98.2,16,218,0.8,0,,Overcast,cloudy,"72505394728,KEWR,KLGA,72502014734,D2180,KNYC,72503014732"
"New York, NY, United States",2023-01-15T07:00:00,-0.5,-6.2,-6.6,63.37,0,0,,0,0,52.6,21.9,348,1015.8,95.7,16,1,0,0,,Overcast,cloudy,"72505394728,KEWR,KLGA,72502014734,KNYC,F7617,72503014732"
"New York, NY, United States",2023-01-15T08:00:00,-0.9,-5.9,-6.6,64.81,0,0,,0,0,39.3,17.5,360,1016.3,82.6,16,14,0.1,0,,Partially cloudy,partly-cloudy-day,"72505394728,KEWR,KLGA,72502014734,F1417,KNYC,72503014732"
"New York, NY, United States",2023-01-15T09:00:00,-0.4,-5.3,-6.6,62.92,0,0,,0,0,49.7,17.5,354,1017,27.9,16,60,0.2,1,,Partially cloudy,partly-cloudy-day,"72505394728,KEWR,KLGA,72502014734,F1417,KNYC,72503014732"
"New York, NY, United States",2023-01-15T10:00:00,0.7,-4.7,-6.6,58.05,0,0,,0,0,42.1,23.2,346,1016.8,20.6,16,268,1,3,,Partially cloudy,partly-cloudy-day,"72505394728,KEWR,KLGA,72502014734,F1417,KNYC,72503014732"
"New York, NY, United States",2023-01-15T11:00:00,1.9,-3.5,-6.6,53.35,0,0,,0,0,44.2,25.4,352,1016.6,24.2,16,445,1.6,4,,Partially cloudy,partly-cloudy-day,"72505394728,KEWR,KLGA,72502014734,F1417,KNYC,72503014732"
"New York, NY, United States",2023-01-15T12:00:00,2.7,-2.4,-6.5,50.97,0,0,,0,0,44.8,23.9,344,1016.2,24.2,16,493,1.8,5,,Partially cloudy,partly-cloudy-day,"72505394728,KEWR,KLGA,72502014734,F1417,KNYC,72503014732"
"New York, NY, United States",2023-01-15T13:00:00,4.3,-1,-7,43.58,0,0,,0,0,49.6,32.9,346,1015.9,19.2,16,485,1.7,5,,Clear,clear-day,"72505394728,KEWR,KLGA,72502014734,F1417,KNYC,72503014732"
"New York, NY, United States",2023-01-15T14:00:00,4.6,0.2,-8.5,38.25,0,0,,0,0,41.7,22.9,358,1015.3,19.2,16,423,1.5,4,,Clear,clear-day,"72505394728,KEWR,KLGA,72502014734,F1417,KNYC,72503014732"
"New York, NY, United States",2023-01-15T15:00:00,5.2,0.7,-8.9,35.51,0,0,,0,0,45.4,26.2,8,1014.9,19.2,16,296,1.1,3,,Clear,clear-day,"72505394728,KEWR,KLGA,72502014734,F1417,KNYC,72503014732"
"New York, NY, United States",2023-01-15T16:00:00,5.1,1.4,-9.6,33.86,0,0,,0,0,50.7,18.2,356,1015.1,19.2,16,126,0.5,1,,Clear,clear-day,"72505394728,KEWR,KLGA,72502014734,F1417,KNYC,72503014732"
"New York, NY, United States",2023-01-15T17:00:00,4.2,0.3,-9.3,36.87,0,0,,0,0,47.6,18.3,350,1015.8,19.2,16,13,0,0,,Clear,clear-night,"72505394728,KEWR,KLGA,72502014734,F1417,KNYC,72503014732"
"New York, NY, United States",2023-01-15T18:00:00,3.6,-0.4,-9.9,36.56,0,0,,0,0,44.7,18.1,360,1016.3,19.2,16,17,0.1,0,,Clear,clear-night,"72505394728,KEWR,E5816,KLGA,72502014734,KNYC,72503014732"
"New York, NY, United States",2023-01-15T19:00:00,2.9,-1.5,-10.1,37.93,0,0,,0,0,40.1,19.1,356,1016.4,19.2,16,218,0.8,0,,Clear,clear-night,"72505394728,KEWR,KLGA,72502014734,D2180,KNYC,72503014732"
"New York, NY, United States",2023-01-15T20:00:00,2.3,-2.3,-10.9,37.16,0,0,,0,0,68.4,20.2,351,1016.2,19.2,16,218,0.8,0,,Clear,clear-night,"72505394728,KEWR,KLGA,72502014734,D2180,KNYC,72503014732"
"New York, NY, United States",2023-01-15T21:00:00,1.8,-3.7,-11.3,37.09,0,0,,0,0,43.2,25.9,350,1015.9,10.5,16,217,0.8,0,,Clear,clear-night,"72505394728,KEWR,KLGA,72502014734,D2180,KNYC,72503014732"
"New York, NY, United States",2023-01-15T22:00:00,1.2,-4.2,-11.3,38.58,0,0,,0,0,45.8,23.9,4,1015.9,10.5,16,216,0.8,0,,Clear,clear-night,"72505394728,KEWR,KLGA,72502014734,D2180,KNYC,72503014732"
"New York, NY, United States",2023-01-15T23:00:00,0.6,-4.5,-11.1,40.98,0,0,,0,0,42.4,20.3,345,1015.9,10.5,16,216,0.8,0,,Clear,clear-night,"72505394728,KEWR,KLGA,72502014734,D2180,KNYC,72503014732"
"New York, NY, United States",2023-01-16T00:00:00,0.1,-5.3,-11.1,42.65,0,0,,0,0,40.3,21.3,356,1015.7,10.5,16,221,0.8,0,,Clear,clear-night,"72505394728,KEWR,KLGA,72502014734,D2180,KNYC,72503014732"
"New York, NY, United States",2023-01-16T01:00:00,-0.5,-6.6,-11.1,44.69,0,0,,0,0,40.9,25,8,1015.2,15.6,16,220,0.8,0,,Clear,clear-night,"72505394728,KEWR,KLGA,72502014734,D2180,KNYC,72503014732"
"New York, NY, United States",2023-01-16T02:00:00,-1.1,-6.4,-11.6,44.78,0,0,,0,0,40,19.2,357,1015.3,15.6,16,218,0.8,0,,Clear,clear-night,"72505394728,KEWR,KLGA,72502014734,D2180,KNYC,72503014732"
"New York, NY, United States",2023-01-16T03:00:00,-1.2,-6.9,-11.7,44.64,0,0,,0,0,33.5,21.8,336,1015.4,79,16,217,0.8,0,,Partially cloudy,partly-cloudy-night,"72505394728,KEWR,KLGA,72502014734,D2180,KNYC,72503014732"
"New York, NY, United States",2023-01-16T04:00:00,-1.1,-7.3,-11.6,44.94,0,0,,0,0,47.9,24.7,338,1015.2,79,16,216,0.8,0,,Partially cloudy,partly-cloudy-night,"72505394728,KEWR,KLGA,72502014734,D2180,KNYC,72503014732"
"New York, NY, United States",2023-01-16T05:00:00,-1.1,-5.4,-11.7,44.54,0,0,,0,0,28.4,13.4,336,1015,89.5,16,215,0.8,0,,Partially cloudy,partly-cloudy-night,"72505394728,KEWR,KLGA,72502014734,D2180,KNYC,72503014732"
"New York, NY, United States",2023-01-16T06:00:00,-1.4,-6.6,-11.4,46.7,0,0,,0,0,46.4,17.5,310,1014.7,89.5,16,216,0.8,0,,Partially cloudy,partly-cloudy-night,"72505394728,KEWR,KLGA,72502014734,D2180,KNYC,72503014732"
"New York, NY, United States",2023-01-16T07:00:00,-1.3,-5.8,-11.4,46.21,0,0,,0,0,46.9,13.9,336,1014.7,82.6,16,1,0,0,,Partially cloudy,partly-cloudy-night,"72505394728,KEWR,KLGA,72502014734,F8726,KNYC,72503014732"
"New York, NY, United States",2023-01-16T08:00:00,-1.2,-6.2,-11.3,46.35,0,0,,0,0,27.7,16.7,314,1014.5,44.6,16,13,0,0,,Partially cloudy,partly-cloudy-day,"72505394728,KEWR,KLGA,72502014734,F1417,KNYC,72503014732"
"New York, NY, United States",2023-01-16T09:00:00,-1.1,-6,-11.1,46.4,0,0,,0,0,28.4,16.3,309,1014.2,41,16,47,0.2,0,,Partially cloudy,partly-cloudy-day,"72505394728,KEWR,KLGA,72502014734,F1417,KNYC,72503014732"
"New York, NY, United States",2023-01-16T10:00:00,-0.1,-4.3,-11.4,42.32,0,0,,0,0,30.6,13.9,299,1013.9,24.3,16,268,1,3,,Partially cloudy,partly-cloudy-day,"72505394728,KEWR,KLGA,72502014734,F1417,KNYC,72503014732"
"New York, NY, United States",2023-01-16T11:00:00,1.5,-1.5,-11.4,37.5,0,0,,0,0,31.3,10.2,321,1013,24.3,16,448,1.6,4,,Partially cloudy,partly-cloudy-day,"72505394728,KEWR,KLGA,72502014734,F1417,KNYC,72503014732"
"New York, NY, United States",2023-01-16T12:00:00,3.3,-0.3,-12.1,31.43,0,0,,0,0,31.3,14.6,297,1011.5,10.5,16,507,1.8,5,,Clear,clear-day,"72505394728,KEWR,KLGA,72502014734,F1417,KNYC,72503014732"
"New York, NY, United States",2023-01-16T13:00:00,5.5,2.5,-11.8,27.49,0,0,,0,0,31,14.2,292,1010,10.5,16,506,1.8,5,,Clear,clear-day,"72505394728,KEWR,KLGA,72502014734,F1417,KNYC,72503014732"
"New York, NY, United States",2023-01-16T14:00:00,7.3,4.4,-13.4,21.26,0,0,,0,0,35.3,16.8,296,1009,10.5,16,438,1.6,4,,Clear,clear-day,"72505394728,KEWR,KLGA,72502014734,F1417,KNYC,72503014732"
"New York, NY, United States",2023-01-16T15:00:00,8.6,6.7,-13.3,19.65,0,0,,0,0,37.1,11.5,309,1008.7,15.6,16,335,1.2,3,,Clear,clear-day,"72505394728,KEWR,KLGA,72502014734,F1417,KNYC,72503014732"
"New York, NY, United States",2023-01-16T16:00:00,8.9,6.7,-13.1,19.66,0,0,,0,0,35.3,14.1,316,1008.6,19.2,16,158,0.6,2,,Clear,clear-day,"72505394728,KEWR,KLGA,72502014734,F1417,KNYC,72503014732"
"New York, NY, United States",2023-01-16T17:00:00,7.9,5.1,-13,21.21,0,0,,0,0,27.7,17,314,1008.6,19.2,16,17,0.1,0,,Clear,clear-night,"72505394728,KEWR,KLGA,72502014734,F1417,KNYC,72503014732"
"New York, NY, United States",2023-01-16T18:00:00,6.8,3.9,-12.2,24.43,0,0,,0,0,20.9,15.3,302,1008.7,15.6,16,18,0.1,0,,Clear,clear-night,"72505394728,KEWR,E5816,KLGA,72502014734,KNYC,72503014732"
"New York, NY, United States",2023-01-16T19:00:00,6.4,3.6,-12.5,24.57,0,0,,0,0,25.6,13.8,299,1008.8,10.5,16,220,0.8,0,,Clear,clear-night,"72505394728,KEWR,KLGA,72502014734,D2180,KNYC,72503014732"
"New York, NY, United States",2023-01-16T20:00:00,5.8,2.9,-12.5,25.42,0,0,,0,0,26.6,14.6,294,1008.9,10.5,16,220,0.8,0,,Clear,clear-night,"72505394728,KEWR,KLGA,72502014734,D2180,KNYC,72503014732"
"New York, NY, United States",2023-01-16T21:00:00,5.1,1.9,-12.7,26.28,0,0,,0,0,26.6,14.6,312,1009,10.5,16,220,0.8,0,,Clear,clear-night,"72505394728,KEWR,KLGA,72502014734,D2180,KNYC,72503014732"
"New York, NY, United States",2023-01-16T22:00:00,4.5,1.1,-11.7,29.78,0,0,,0,0,33.5,14.8,298,1009.1,10.5,16,219,0.8,0,,Clear,clear-night,"72505394728,KEWR,KLGA,72502014734,D2180,KNYC,72503014732"
"New York, NY, United States",2023-01-16T23:00:00,3.5,0.5,-10.4,35.3,0,0,,0,0,24.1,11.9,302,1008.8,10.5,16,218,0.8,0,,Clear,clear-night,"72505394728,KEWR,KLGA,72502014734,D2180,KNYC,72503014732"
"New York, NY, United States",2023-01-17T00:00:00,3.3,0.6,-10.2,36.71,0,0,,0,0,21.6,9.9,295,1008.6,25.4,16,218,0.8,0,,Partially cloudy,partly-cloudy-night,"72505394728,KEWR,KLGA,72502014734,D2180,KNYC,72503014732"
"New York, NY, United States",2023-01-17T01:00:00,3,0.1,-9.9,38.39,0,0,,0,0,20.9,10.7,288,1008.2,34.2,16,217,0.8,0,,Partially cloudy,partly-cloudy-night,"72505394728,KEWR,KLGA,72502014734,D2180,KNYC,72503014732"
"New York, NY, United States",2023-01-17T02:00:00,2.7,-0.8,-9.9,38.98,0,0,,0,0,19.8,13.8,286,1008.3,34.2,16,218,0.8,0,,Partially cloudy,partly-cloudy-night,"72505394728,KEWR,KLGA,72502014734,D2180,KNYC,72503014732"
"New York, NY, United States",2023-01-17T03:00:00,2.4,-1.1,-10.1,39.3,0,0,,0,0,18,12.8,286,1008,34.2,16,217,0.8,0,,Partially cloudy,partly-cloudy-night,"72505394728,KEWR,KLGA,72502014734,D2180,KNYC,72503014732"
"New York, NY, United States",2023-01-17T04:00:00,1.9,-1,-10.5,39.33,0,0,,0,0,17.3,9.8,273,1007.7,20.3,16,218,0.8,0,,Partially cloudy,partly-cloudy-night,"72505394728,KEWR,KLGA,72502014734,D2180,KNYC,72503014732"
"New York, NY, United States",2023-01-17T05:00:00,2.3,-0.5,-11,36.93,0,0,,0,0,17.3,9.5,285,1007.4,19.2,16,217,0.8,0,,Clear,clear-night,"72505394728,KEWR,KLGA,72502014734,D2180,KNYC,72503014732"
"New York, NY, United States",2023-01-17T06:00:00,2.1,0.1,-11,37.38,0,0,,0,0,16.6,6.8,252,1007.7,19.2,16,218,0.8,0,,Clear,clear-night,"72505394728,KEWR,KLGA,72502014734,D2180,KNYC,72503014732"
"New York, NY, United States",2023-01-17T07:00:00,2.1,2.1,-11.1,36.98,0,0,,0,0,16.6,4.6,271,1007.5,39.9,16,218,0.8,0,,Partially cloudy,partly-cloudy-night,"72505394728,KEWR,KLGA,72502014734,D2180,72503014732"
"New York, NY, United States",2023-01-17T08:00:00,2.7,2.7,-11.2,35.13,0,0,,0,0,16.9,1.8,326,1007.7,88.9,16,34,0.1,0,,Partially cloudy,partly-cloudy-day,"72505394728,KEWR,KLGA,72502014734,F1417,KNYC,72503014732"
"New York, NY, United States",2023-01-17T09:00:00,4.4,2.5,-11,31.92,0,0,,0,0,16.6,7.5,279,1008,95.7,16,125,0.5,1,,Overcast,cloudy,"72505394728,KEWR,KLGA,72502014734,F1417,KNYC,72503014732"
"New York, NY, United States",2023-01-17T10:00:00,5.6,5.6,-11,29.12,0,0,,0,0,13.3,3.5,330,1007.1,34.2,16,236,0.8,2,,Partially cloudy,partly-cloudy-day,"72505394728,KEWR,KLGA,72502014734,F1417,KNYC,72503014732"
"New York, NY, United States",2023-01-17T11:00:00,6.2,6.2,-12,25.93,0,0,,0,0,12.6,0,0,1006.5,34.2,16,220,0.8,2,,Partially cloudy,partly-cloudy-day,"72505394728,KEWR,KLGA,72502014734,F1417,KNYC,72503014732"
"New York, NY, United States",2023-01-17T12:00:00,6.9,6.9,-11.3,25.94,0,0,,0,0,13,4.8,296,1005.8,97.5,16,126,0.5,1,,Overcast,cloudy,"72505394728,KEWR,KLGA,72502014734,F1417,KNYC,72503014732"
"New York, NY, United States",2023-01-17T13:00:00,7.6,7.6,-10,27.49,0,0,,0,0,13,2.4,319,1004.7,100,16,111,0.4,1,,Overcast,cloudy,"72505394728,KEWR,KLGA,72502014734,F1417,KNYC,72503014732"
"New York, NY, United States",2023-01-17T14:00:00,7.9,5.9,-11.3,24.18,0,0,,0,0,13.3,11.3,242,1004.1,96.7,16,87,0.3,1,,Overcast,cloudy,"72505394728,KEWR,KLGA,72502014734,F1417,KNYC,72503014732"
"New York, NY, United States",2023-01-17T15:00:00,8.3,8.3,-11.2,23.76,0,0,,0,0,11.9,2.6,303,1003.6,97.5,16,84,0.3,1,,Overcast,cloudy,"72505394728,KEWR,KLGA,72502014734,F1417,KNYC,72503014732"
"New York, NY, United States",2023-01-17T16:00:00,8,6.9,-8.8,29.24,0,0,,0,0,11.9,7.3,204,1003.9,100,16,19,0.1,0,,Overcast,cloudy,"72505394728,KEWR,KLGA,72502014734,F1417,KNYC,72503014732"
"New York, NY, United States",2023-01-17T17:00:00,8.2,7.2,-9,28.55,0,0,,0,0,18,7,230,1003.9,98.9,16,10,0,0,,Overcast,cloudy,"72505394728,KEWR,KLGA,F1417,KNYC,72503014732"
"New York, NY, United States",2023-01-17T18:00:00,8.2,6.8,-7.4,32.18,0,0,,0,0,16.9,8.8,207,1004,98.2,16,21,0.1,0,,Overcast,cloudy,"72505394728,KEWR,E5816,KLGA,72502014734,KNYC,72503014732"
"New York, NY, United States",2023-01-17T19:00:00,8.2,7,-7.3,32.44,0,0,,0,0,10.4,7.6,284,1004,100,16,223,0.8,0,,Overcast,cloudy,"72505394728,KEWR,KLGA,72502014734,D2180,KNYC,72503014732"
"New York, NY, United States",2023-01-17T20:00:00,7.9,5.9,-6.1,36.66,0,0,,0,0,12.6,10.9,234,1004.2,100,16,139,0.5,0,,Overcast,cloudy,"D9152,72505394728,KEWR,KLGA,72502014734,KNYC,72503014732"
"New York, NY, United States",2023-01-17T21:00:00,7.9,6.7,-5.2,39.31,0,0,,0,0,14,7.1,222,1003.8,100,16,222,0.8,0,,Overcast,cloudy,"72505394728,KEWR,KLGA,72502014734,D2180,KNYC,72503014732"
"New York, NY, United States",2023-01-17T22:00:00,7.7,6.3,-4.5,41.75,0,0,,0,0,14,8.5,230,1004,98.2,16,221,0.8,0,,Overcast,cloudy,"72505394728,KEWR,KLGA,72502014734,D2180,KNYC,72503014732"
"New York, NY, United States",2023-01-17T23:00:00,7,7,-4.2,44.84,0,0,,0,0,14.8,4.4,286,1003.9,80.1,16,220,0.8,0,,Partially cloudy,partly-cloudy-night,"72505394728,KEWR,KLGA,72502014734,D2180,KNYC,72503014732"
"New York, NY, United States",2023-01-18T00:00:00,6.8,5.6,-3.3,48.58,0,0,,0,0,15.5,6.6,210,1003.7,14.1,16,218,0.8,0,,Clear,clear-night,"72505394728,KEWR,KLGA,72502014734,D2180,KNYC,72503014732"
"New York, NY, United States",2023-01-18T01:00:00,6.9,4.8,-2.4,51.44,0,0,,0,0,16.2,10.8,223,1003.5,88.9,16,220,0.8,0,,Partially cloudy,partly-cloudy-night,"72505394728,KEWR,KLGA,72502014734,D2180,KNYC,72503014732"
"New York, NY, United States",2023-01-18T02:00:00,6.5,4.1,-0.4,61.32,0.299,100,rain,0,0,17.6,12.3,229,1003.8,100,10.6,220,0.8,0,,"Rain, Overcast",rain,"72505394728,KEWR,KLGA,72502014734,D2180,KNYC,72503014732"
"New York, NY, United States",2023-01-18T03:00:00,6.4,3.9,2.7,77.24,0.814,100,rain,0,0,19.4,12.3,224,1003.4,98.2,16,221,0.8,0,,"Rain, Overcast",rain,"72505394728,KEWR,KLGA,72502014734,D2180,KNYC,72503014732"
"New York, NY, United States",2023-01-18T04:00:00,7,5,1.9,69.81,0,0,,0,0,24.5,10.6,242,1003.7,98.2,16,220,0.8,0,,Overcast,cloudy,"72505394728,KEWR,KLGA,72502014734,D2180,KNYC,72503014732"
"New York, NY, United States",2023-01-18T05:00:00,6.9,4.9,2.2,72.16,0,0,,0,0,26.3,10.1,228,1004.1,98.2,16,221,0.8,0,,Overcast,cloudy,"72505394728,KEWR,KLGA,72502014734,D2180,KNYC,72503014732"
"New York, NY, United States",2023-01-18T06:00:00,7,4.4,2.6,73.39,0,0,,0,0,29.5,14.1,233,1004.9,97.5,16,221,0.8,0,,Overcast,cloudy,"72505394728,KEWR,KLGA,72502014734,D2180,KNYC,72503014732"
"New York, NY, United States",2023-01-18T07:00:00,7.8,5.5,3.2,72.34,0,0,,0,0,26.3,13.4,260,1005.8,95.7,16,1,0,0,,Overcast,cloudy,"72505394728,KEWR,KLGA,72502014734,F8726,KNYC,72503014732"
"New York, NY, United States",2023-01-18T08:00:00,8.5,6.5,3.8,72.19,0,0,,0,0,31.7,12.2,270,1006.7,95.7,16,12,0,0,,Overcast,cloudy,"72505394728,KEWR,KLGA,72502014734,F1417,KNYC,72503014732"
"New York, NY, United States",2023-01-18T09:00:00,9.1,6.7,3.7,68.92,0,0,,0,0,30.6,16.6,278,1007.7,95.7,16,52,0.2,1,,Overcast,cloudy,"72505394728,KEWR,KLGA,72502014734,F1417,KNYC,72503014732"
"New York, NY, United States",2023-01-18T10:00:00,9.5,7.3,3.4,65.74,0,0,,0,0,38.9,15.1,288,1008.4,95.7,16,221,0.8,2,,Overcast,cloudy,"72505394728,KEWR,KLGA,72502014734,F1417,KNYC,72503014732"
"New York, NY, United States",2023-01-18T11:00:00,10.2,10.2,2.2,57.62,0,0,,0,0,35.9,22.9,304,1008.9,95.7,16,238,0.9,2,,Overcast,cloudy,"72505394728,KEWR,KLGA,72502014734,F1417,KNYC,72503014732"
"New York, NY, United States",2023-01-18T12:00:00,10.9,10.9,1.1,50.88,0,0,,0,0,45,30.7,302,1008.4,50,16,129,0.5,1,,Partially cloudy,partly-cloudy-day,"72505394728,KEWR,KLGA,72502014734,F1417,KNYC,72503014732"
"New York, NY, United States",2023-01-18T13:00:00,10.9,10.9,0.7,49.63,0,0,,0,0,47.8,18.6,314,1008.2,80.1,16,201,0.7,2,,Partially cloudy,partly-cloudy-day,"72505394728,KEWR,KLGA,72502014734,F1417,KNYC,72503014732"
"New York, NY, United States",2023-01-18T14:00:00,11.4,11.4,0.1,45.75,0,0,,0,0,41.7,22.8,298,1008.5,50,16,400,1.4,4,,Partially cloudy,partly-cloudy-day,"72505394728,KEWR,KLGA,72502014734,F1417,KNYC,72503014732"
"New York, NY, United States",2023-01-18T15:00:00,11.4,11.4,0.1,45.75,0,0,,0,0,43.4,21.6,300,1009.4,35.9,16,307,1.1,3,,Partially cloudy,partly-cloudy-day,"72505394728,KEWR,KLGA,72502014734,F1417,KNYC,72503014732"
"New York, NY, United States",2023-01-18T16:00:00,11.1,11.1,0.1,46.56,0,0,,0,0,35.5,18.8,290,1010.5,35.9,16,147,0.5,1,,Partially cloudy,partly-cloudy-day,"72505394728,KEWR,KLGA,72502014734,F1417,KNYC,72503014732"
"New York, NY, United States",2023-01-18T17:00:00,10.2,10.2,0.1,49.59,0,0,,0,0,42.2,15.7,302,1011.4,19.2,16,19,0.1,0,,Clear,clear-night,"72505394728,KEWR,KLGA,72502014734,F1417,KNYC,72503014732"
"New York, NY, United States",2023-01-18T18:00:00,9.6,6.8,0.1,51.69,0,0,,0,0,40.7,20.1,301,1012.4,19.2,16,27,0.1,0,,Clear,clear-night,"72505394728,KEWR,E5816,KLGA,72502014734,KNYC,72503014732"
"New York, NY, United States",2023-01-18T19:00:00,9.5,7.2,0.1,52.05,0,0,,0,0,35.2,15.5,294,1013.5,19.2,16,225,0.8,0,,Clear,clear-night,"72505394728,KEWR,KLGA,72502014734,D2180,KNYC,72503014732"
"New York, NY, United States",2023-01-18T20:00:00,9.2,6.5,0.2,53.12,0,0,,0,0,34,19.1,301,1014.4,19.2,16,223,0.8,0,,Clear,clear-night,"72505394728,KEWR,KLGA,72502014734,D2180,KNYC,72503014732"
"New York, NY, United States",2023-01-18T21:00:00,8.3,6.1,0.2,56.4,0,0,,0,0,25.2,13.8,277,1014.6,19.2,16,223,0.8,0,,Clear,clear-night,"72505394728,KEWR,KLGA,72502014734,D2180,KNYC,72503014732"
"New York, NY, United States",2023-01-18T22:00:00,8.2,6.5,0.2,56.84,0,0,,0,0,24.8,10.3,315,1015.5,19.2,16,222,0.8,0,,Clear,clear-night,"72505394728,KEWR,KLGA,72502014734,D2180,KNYC,72503014732"
"New York, NY, United States",2023-01-18T23:00:00,7.9,6.1,0,57.75,0,0,,0,0,23,9.9,296,1015.7,14.1,16,221,0.8,0,,Clear,clear-night,"72505394728,KEWR,KLGA,72502014734,D2180,KNYC,72503014732"
"New York, NY, United States",2023-01-19T00:00:00,7,4.9,0,60.68,0,0,,0,0,20.2,11,293,1015.7,14.1,16,221,0.8,0,,Clear,clear-night,"72505394728,KEWR,KLGA,72502014734,D2180,KNYC,72503014732"
"New York, NY, United States",2023-01-19T01:00:00,6.5,6.5,-0.4,61.02,0,0,,0,0,16.2,3.8,332,1015.8,34.2,16,221,0.8,0,,Partially cloudy,partly-cloudy-night,"72505394728,KEWR,KLGA,72502014734,D2180,KNYC,72503014732"
"New York, NY, United States",2023-01-19T02:00:00,6,4.6,-0.5,62.91,0,0,,0,0,14,7,267,1016.1,27.9,16,219,0.8,0,,Partially cloudy,partly-cloudy-night,"72505394728,KEWR,KLGA,72502014734,D2180,KNYC,72503014732"
"New York, NY, United States",2023-01-19T03:00:00,6,3.7,-0.2,64.74,0,0,,0,0,33.5,10.6,304,1016.6,27.9,16,218,0.8,0,,Partially cloudy,partly-cloudy-night,"72505394728,KEWR,KLGA,72502014734,D2180,KNYC,72503014732"
"New York, NY, United States",2023-01-19T04:00:00,5.8,3.7,-0.2,65.66,0,0,,0,0,11.5,9.5,280,1016.3,34.2,16,218,0.8,0,,Partially cloudy,partly-cloudy-night,"72505394728,KEWR,KLGA,72502014734,D2180,KNYC,72503014732"
"New York, NY, United States",2023-01-19T05:00:00,5.5,5.5,-0.2,66.75,0,0,,0,0,10.4,4.5,344,1016.2,38.4,16,218,0.8,0,,Partially cloudy,partly-cloudy-night,"72505394728,KEWR,KLGA,72502014734,D2180,KNYC,72503014732"
"New York, NY, United States",2023-01-19T06:00:00,5.8,4.2,-0.4,64.38,0,0,,0,0,11.2,7.6,331,1016.9,38.4,16,218,0.8,0,,Partially cloudy,partly-cloudy-night,"72505394728,KEWR,KLGA,72502014734,D2180,KNYC,72503014732"
"New York, NY, United States",2023-01-19T07:00:00,5.8,5.8,0,65.89,0,0,,0,0,9,3,332,1017.3,38.4,16,1,0,0,,Partially cloudy,partly-cloudy-night,"72505394728,KEWR,KLGA,72502014734,F8726,KNYC,72503014732"
"New York, NY, United States",2023-01-19T08:00:00,6.1,5.2,-0.3,63.69,0,0,,0,0,6.8,5.4,326,1017.2,100,16,11,0,0,,Overcast,cloudy,"72505394728,KEWR,KLGA,72502014734,F1417,KNYC,72503014732"
"New York, NY, United States",2023-01-19T09:00:00,6,5,1.3,72.1,0.124,100,rain,0,0,6.1,5.4,37,1017.2,100,16,32,0.1,0,,"Rain, Overcast",rain,"72505394728,KEWR,KLGA,72502014734,F1417,KNYC,72503014732"
"New York, NY, United States",2023-01-19T10:00:00,5.2,2.3,2.3,81.02,0.943,100,rain,0,0,11.2,13.5,63,1016.3,100,7.8,28,0.1,0,,"Rain, Overcast",rain,"72505394728,KEWR,KLGA,72502014734,F1417,KNYC,72503014732"
"New York, NY, United States",2023-01-19T11:00:00,4.7,2.8,2.5,85.93,1.752,100,rain,0,0,12.6,8,144,1016.2,100,7.2,37,0.1,0,,"Rain, Overcast",rain,"72505394728,KEWR,KLGA,72502014734,F1417,KNYC,72503014732"
"New York, NY, United States",2023-01-19T12:00:00,5.1,5.1,3.1,86.71,0.785,100,rain,0,0,11.2,2.8,33,1014.9,100,12.9,40,0.1,0,,"Rain, Overcast",rain,"72505394728,KEWR,KLGA,F1417,KNYC,72503014732"
"New York, NY, United States",2023-01-19T13:00:00,5,2.4,3.1,87.32,0.928,100,rain,0,0,13,11.5,115,1013.2,100,6.1,41,0.1,0,,"Rain, Overcast",rain,"72505394728,KEWR,KLGA,F1417,KNYC,72503014732"
"New York, NY, United States",2023-01-19T14:00:00,5.1,2.6,3.2,87.38,0.875,100,rain,0,0,31.7,10.7,100,1011.7,100,8.3,19,0.1,0,,"Rain, Overcast",rain,"72505394728,KEWR,KLGA,72502014734,F1417,KNYC,72503014732"
"New York, NY, United States",2023-01-19T15:00:00,5.1,5.1,3.3,88.28,0.688,100,rain,0,0,34.2,4.7,24,1011.8,100,2.4,12,0,0,,"Rain, Overcast",rain,"72505394728,KEWR,KLGA,72502014734,F1417,KNYC,72503014732"
"New York, NY, United States",2023-01-19T16:00:00,5.2,2,3.7,90.22,5.415,100,rain,0,0,21.2,14.7,61,1011,100,3,11,0,0,,"Rain, Overcast",rain,"72505394728,KEWR,KLGA,72502014734,F1417,KNYC,72503014732"
"New York, NY, United States",2023-01-19T17:00:00,4.6,1.7,3.5,92.34,0.933,100,rain,0,0,29.5,12.8,84,1009.2,100,7.5,3,0,0,,"Rain, Overcast",rain,"72505394728,KEWR,KLGA,72502014734,F8726,KNYC,72503014732"
"New York, NY, United States",2023-01-19T18:00:00,5.2,2.8,3.8,90.88,0.78,100,rain,0,0,32.8,10.5,76,1007.7,100,5.1,34,0.1,0,,"Rain, Overcast",rain,"72505394728,KEWR,E5816,KLGA,72502014734,KNYC,72503014732"
"New York, NY, United States",2023-01-19T19:00:00,4.9,2.2,3.7,91.72,0.306,100,rain,0,0,25.9,11.9,47,1006.6,100,4.2,222,0.8,0,,"Rain, Overcast",rain,"72505394728,KEWR,KLGA,D2180,KNYC,72503014732"
"New York, NY, United States",2023-01-19T20:00:00,5,2.5,3.8,91.8,1.039,100,rain,0,0,29.9,11.2,38,1004.6,100,4.1,223,0.8,0,,"Rain, Overcast",rain,"72505394728,KEWR,KLGA,72502014734,D2180,KNYC,72503014732"
"New York, NY, United States",2023-01-19T21:00:00,4.9,1.7,3.7,91.66,1.4,100,rain,0,0,34.9,14.3,29,1002.8,100,3.8,222,0.8,0,,"Rain, Overcast",rain,"72505394728,KEWR,KLGA,D2180,KNYC,72503014732"
"New York, NY, United States",2023-01-19T22:00:00,5.3,3.1,4,91.22,3.942,100,rain,0,0,48.6,9.5,346,1003.1,100,6.7,222,0.8,0,,"Rain, Overcast",rain,"72505394728,KEWR,KLGA,D2180,KNYC,72503014732"
"New York, NY, United States",2023-01-19T23:00:00,5.1,2.5,3.7,90.55,1.072,100,rain,0,0,46.8,11.9,46,1001.2,100,15.6,222,0.8,0,,"Rain, Overcast",rain,"72505394728,KEWR,KLGA,D2180,KNYC,72503014732"
"New York, NY, United States",2023-01-20T00:00:00,5.4,3.5,3.9,90.02,0,0,,0,0,22,8.7,340,1001.3,100,15.5,222,0.8,0,,Overcast,cloudy,"72505394728,KEWR,KLGA,72502014734,D2180,KNYC,72503014732"
"New York, NY, United States",2023-01-20T01:00:00,5.3,5.3,4.1,91.97,0,0,,0,0,23,2.5,347,1001.1,100,14.3,221,0.8,0,,Overcast,cloudy,"72505394728,KEWR,KLGA,72502014734,D2180,KNYC,72503014732"
"New York, NY, United States",2023-01-20T02:00:00,5.8,3.5,3.7,86.35,0,0,,0,0,15.1,11,283,1002.7,100,16,221,0.8,0,,Overcast,cloudy,"72505394728,KEWR,KLGA,72502014734,D2180,KNYC,72503014732"
"New York, NY, United States",2023-01-20T03:00:00,5.2,5.2,3.7,90,0.067,100,rain,0,0,12.2,2.4,326,1002.4,100,15.5,221,0.8,0,,"Rain, Overcast",rain,"72505394728,KEWR,KLGA,72502014734,D2180,KNYC,72503014732"
"New York, NY, United States",2023-01-20T04:00:00,4.7,4.7,3.5,91.98,0,0,,0,0,12.2,4.5,268,1002.2,100,14.3,221,0.8,0,,Overcast,cloudy,"72505394728,KEWR,KLGA,72502014734,D2180,KNYC,72503014732"
"New York, NY, United States",2023-01-20T05:00:00,5,3.2,3.2,88.42,0,0,,0,0,15.8,8,269,1002.6,95.7,14.8,221,0.8,0,,Overcast,cloudy,"72505394728,KEWR,KLGA,72502014734,D2180,KNYC,72503014732"
"New York, NY, United States",2023-01-20T06:00:00,4.9,4.9,3.2,89.06,0,0,,0,0,25.2,2.9,296,1002.6,80.8,12.9,221,0.8,0,,Partially cloudy,partly-cloudy-night,"72505394728,KEWR,KLGA,72502014734,D2180,KNYC,72503014732"
"New York, NY, United States",2023-01-20T07:00:00,5.2,4,3,85.9,0,0,,0,0,32,5.8,311,1002.8,25.4,16,1,0,0,,Partially cloudy,partly-cloudy-night,"72505394728,KEWR,KLGA,72502014734,F8726,KNYC,72503014732"
"New York, NY, United States",2023-01-20T08:00:00,5.9,3.2,2.7,79.97,0,0,,0,0,34.6,12.9,274,1002.8,73.9,16,15,0.1,0,,Partially cloudy,partly-cloudy-day,"72505394728,KEWR,KLGA,72502014734,F1417,KNYC,72503014732"
"New York, NY, United States",2023-01-20T09:00:00,7,4.6,2.2,71.49,0,0,,0,0,34.2,12.8,266,1003.2,19.2,16,124,0.4,1,,Clear,clear-day,"72505394728,KEWR,KLGA,72502014734,F1417,KNYC,72503014732"
"New York, NY, United States",2023-01-20T10:00:00,8.1,5.2,1.7,63.71,0,0,,0,0,36.2,18.4,277,1003.7,82.6,16,291,1,3,,Partially cloudy,partly-cloudy-day,"72505394728,KEWR,KLGA,72502014734,F1417,KNYC,72503014732"
"New York, NY, United States",2023-01-20T11:00:00,8.7,5.1,0.8,57.6,0,0,,0,0,42.2,27.4,270,1003.8,82.6,16,368,1.3,4,,Partially cloudy,partly-cloudy-day,"72505394728,KEWR,KLGA,72502014734,F1417,KNYC,72503014732"
"New York, NY, United States",2023-01-20T12:00:00,9.3,6.4,-0.2,51.51,0,0,,0,0,44.2,22.2,282,1003.7,95.7,16,161,0.6,2,,Overcast,cloudy,"72505394728,KEWR,KLGA,72502014734,F1417,KNYC,72503014732"
"New York, NY, United States",2023-01-20T13:00:00,8.5,5.2,0,54.78,0,0,,0,0,46.2,24,291,1003.8,97.5,16,85,0.3,1,,Overcast,cloudy,"72505394728,KEWR,KLGA,72502014734,F1417,KNYC,72503014732"
"New York, NY, United States",2023-01-20T14:00:00,8,4.9,0.9,60.62,0,0,,0,0,45.6,19.9,278,1004.6,98.2,16,116,0.4,1,,Overcast,cloudy,"72505394728,KEWR,KLGA,72502014734,F1417,KNYC,72503014732"
"New York, NY, United States",2023-01-20T15:00:00,8.4,5.6,-0.1,54.94,0,0,,0,0,35.5,18.6,276,1005.2,95.7,16,178,0.6,2,,Overcast,cloudy,"72505394728,KEWR,KLGA,72502014734,F1417,KNYC,72503014732"
"New York, NY, United States",2023-01-20T16:00:00,8.5,5.3,-0.8,52,0,0,,0,0,39.8,22.6,280,1006.5,95.7,16,33,0.1,0,,Overcast,cloudy,"72505394728,KEWR,KLGA,72502014734,F1417,KNYC,72503014732"
"New York, NY, United States",2023-01-20T17:00:00,8.4,5.4,-0.8,52.09,0,0,,0,0,35.6,20.4,278,1007.7,95.7,16,19,0.1,0,,Overcast,cloudy,"72505394728,KEWR,KLGA,72502014734,F1417,KNYC,72503014732"
"New York, NY, United States",2023-01-20T18:00:00,7.9,4.9,-0.6,54.95,0,0,,0,0,30,17.8,274,1008.6,95.7,16,32,0.1,0,,Overcast,cloudy,"72505394728,KEWR,E5816,KLGA,72502014734,KNYC,72503014732"
"New York, NY, United States",2023-01-20T19:00:00,7.4,4.4,-0.8,56.06,0,0,,0,0,46.4,17.1,279,1009.8,88.9,16,223,0.8,0,,Partially cloudy,partly-cloudy-night,"72505394728,KEWR,KLGA,72502014734,D2180,KNYC,72503014732"
"New York, NY, United States",2023-01-20T20:00:00,6.8,4.2,-1,57.66,0,0,,0,0,26.3,13.4,279,1010.3,88.9,16,222,0.8,0,,Partially cloudy,partly-cloudy-night,"72505394728,KEWR,KLGA,72502014734,D2180,KNYC,72503014732"
"New York, NY, United States",2023-01-20T21:00:00,6.8,4,-1.3,56.38,0,0,,0,0,27,15.4,271,1011.1,95.7,16,222,0.8,0,,Overcast,cloudy,"72505394728,KEWR,KLGA,72502014734,D2180,KNYC,72503014732"
"New York, NY, United States",2023-01-20T22:00:00,6.6,3.8,-1.3,57.16,0,0,,0,0,28.8,14.6,269,1011.7,95.7,16,223,0.8,0,,Overcast,cloudy,"72505394728,KEWR,KLGA,72502014734,D2180,KNYC,72503014732"
"New York, NY, United States",2023-01-20T23:00:00,6.2,3.5,-1.3,58.85,0,0,,0,0,31.7,13.2,273,1012.3,95.7,16,222,0.8,0,,Overcast,cloudy,"72505394728,KEWR,KLGA,72502014734,D2180,KNYC,72503014732"
"New York, NY, United States",2023-01-21T00:00:00,6,2.8,-1.3,59.83,0,0,,0,0,31.7,15.9,340,1012.9,92,16,221,0.8,0,,Overcast,cloudy,"72505394728,KEWR,KLGA,72502014734,D2180,KNYC,72503014732"
"New York, NY, United States",2023-01-21T01:00:00,5.1,3.1,-1.2,63.88,0,0,,0,0,25.2,8.7,305,1013.3,100,16,221,0.8,0,,Overcast,cloudy,"72505394728,KEWR,KLGA,72502014734,D2180,KNYC,72503014732"
"New York, NY, United States",2023-01-21T02:00:00,4.6,2,-2,62.5,0,0,,0,0,22,10.4,310,1013.8,95.7,16,221,0.8,0,,Overcast,cloudy,"72505394728,KEWR,KLGA,72502014734,D2180,KNYC,72503014732"
"New York, NY, United States",2023-01-21T03:00:00,4.5,0.8,-3,58.3,0,0,,0,0,25.9,17.2,298,1014.5,88.8,16,220,0.8,0,,Partially cloudy,partly-cloudy-night,"72505394728,KEWR,KLGA,72502014734,D2180,KNYC,72503014732"
"New York, NY, United States",2023-01-21T04:00:00,4,-0.6,-4,55.88,0,0,,0,0,34.1,23.9,305,1015.1,87,16,221,0.8,0,,Partially cloudy,partly-cloudy-night,"72505394728,KEWR,KLGA,72502014734,D2180,KNYC,72503014732"
"New York, NY, United States",2023-01-21T05:00:00,3.4,-1.3,-4.8,55.05,0,0,,0,0,35.9,23.4,307,1015.8,87,16,221,0.8,0,,Partially cloudy,partly-cloudy-night,"72505394728,KEWR,KLGA,72502014734,D2180,KNYC,72503014732"
"New York, NY, United States",2023-01-21T06:00:00,3.4,-1.1,-4.3,56.75,0,0,,0,0,33.5,21.3,312,1016.7,98.2,16,221,0.8,0,,Overcast,cloudy,"72505394728,KEWR,KLGA,72502014734,D2180,KNYC,72503014732"
"New York, NY, United States",2023-01-21T07:00:00,3.4,-0.1,-4.3,56.75,0,0,,0,0,33.5,14.3,328,1017.9,100,16,1,0,0,,Overcast,cloudy,"72505394728,KEWR,KLGA,72502014734,F8726,KNYC,72503014732"
"New York, NY, United States",2023-01-21T08:00:00,3.4,0.3,-4.2,57.23,0,0,,0,0,50,12.4,310,1019,95.7,16,16,0.1,0,,Overcast,cloudy,"72505394728,KEWR,KLGA,72502014734,F1417,KNYC,72503014732"
"New York, NY, United States",2023-01-21T09:00:00,3.4,-0.3,-4,58.43,0,0,,0,0,35.3,15.7,330,1019.7,100,16,47,0.2,0,,Overcast,cloudy,"72505394728,KEWR,KLGA,72502014734,F1417,KNYC,72503014732"
"New York, NY, United States",2023-01-21T10:00:00,3.9,0.1,-4,56.41,0,0,,0,0,29.9,17.2,324,1020.7,100,16,89,0.3,1,,Overcast,cloudy,"72505394728,KEWR,KLGA,72502014734,F1417,KNYC,72503014732"
"New York, NY, United States",2023-01-21T11:00:00,4.5,1.9,-4.3,53.13,0,0,,0,0,27.7,10.6,342,1020.9,97.5,16,172,0.6,2,,Overcast,cloudy,"72505394728,KEWR,KLGA,72502014734,F1417,KNYC,72503014732"
"New York, NY, United States",2023-01-21T12:00:00,4.6,2.7,-4.4,52.17,0,0,,0,0,26.6,7.9,351,1020.9,97.5,16,133,0.5,1,,Overcast,cloudy,"72505394728,KEWR,KLGA,72502014734,F1417,KNYC,72503014732"
"New York, NY, United States",2023-01-21T13:00:00,4.6,2,-4.4,52.17,0,0,,0,0,37.1,10.6,336,1020.6,100,16,136,0.5,1,,Overcast,cloudy,"72505394728,KEWR,KLGA,72502014734,F1417,KNYC,72503014732"
"New York, NY, United States",2023-01-21T14:00:00,4.6,1.7,-4.3,52.75,0,0,,0,0,22.7,12.2,304,1020.4,100,16,129,0.5,1,,Overcast,cloudy,"72505394728,KEWR,KLGA,72502014734,F1417,KNYC,72503014732"
"New York, NY, United States",2023-01-21T15:00:00,4.5,2,-4.5,52.23,0,0,,0,0,27.7,9.9,333,1021,100,16,98,0.4,1,,Overcast,cloudy,"72505394728,KEWR,KLGA,72502014734,F1417,KNYC,72503014732"
"New York, NY, United States",2023-01-21T16:00:00,4,1.6,-4.3,54.39,0,0,,0,0,12.6,9.5,314,1021.5,100,16,51,0.2,1,,Overcast,cloudy,"72505394728,KEWR,KLGA,72502014734,F1417,KNYC,72503014732"
"New York, NY, United States",2023-01-21T17:00:00,3.6,0,-4.5,55.37,0,0,,0,0,9,15.5,316,1022.2,100,16,16,0.1,0,,Overcast,cloudy,"72505394728,KEWR,KLGA,72502014734,F1417,KNYC,72503014732"
"New York, NY, United States",2023-01-21T18:00:00,3.6,1.6,-5,53.12,0,0,,0,0,6.5,7.8,288,1022.6,100,16,56,0.2,0,,Overcast,cloudy,"72505394728,KEWR,E5816,KLGA,72502014734,KNYC,72503014732"
"New York, NY, United States",2023-01-21T19:00:00,3.5,0.2,-4.8,54.6,0,0,,0,0,7.9,13,307,1023,100,16,221,0.8,0,,Overcast,cloudy,"72505394728,KEWR,KLGA,72502014734,D2180,72503014732"
"New York, NY, United States",2023-01-21T20:00:00,3.4,0.7,-4.9,54.43,0,0,,0,0,10.4,10.6,315,1023.4,100,16,220,0.8,0,,Overcast,cloudy,"72505394728,KEWR,KLGA,72502014734,D2180,KNYC,72503014732"
"New York, NY, United States",2023-01-21T21:00:00,3.4,1.6,-5,53.84,0,0,,0,0,11.2,7,339,1023.4,100,16,220,0.8,0,,Overcast,cloudy,"72505394728,KEWR,KLGA,72502014734,D2180,KNYC,72503014732"
"New York, NY, United States",2023-01-21T22:00:00,3,3,-4.9,55.94,0,0,,0,0,11.9,3,341,1023.4,100,16,220,0.8,0,,Overcast,cloudy,"72505394728,KEWR,KLGA,72502014734,D2180,KNYC,72503014732"
"New York, NY, United States",2023-01-21T23:00:00,2.9,1.1,-5,55.78,0,0,,0,0,12.2,6.6,314,1023.4,100,16,220,0.8,0,,Overcast,cloudy,"72505394728,KEWR,KLGA,72502014734,D2180,KNYC,72503014732"
"New York, NY, United States",2023-01-22T00:00:00,2.9,0.2,-5,55.78,0,0,,0,0,11.9,10.1,284,1023,100,16,220,0.8,0,,Overcast,cloudy,"72505394728,KEWR,KLGA,72502014734,D2180,KNYC,72503014732"
"New York, NY, United States",2023-01-22T01:00:00,2.9,1.1,-4.9,56.39,0,0,,0,0,11.2,6.8,271,1022.9,100,16,220,0.8,0,,Overcast,cloudy,"72505394728,KEWR,KLGA,72502014734,D2180,KNYC,72503014732"
"New York, NY, United States",2023-01-22T02:00:00,2.9,0.5,-4.6,57.51,0,0,,0,0,11.5,8.8,284,1023.1,100,16,220,0.8,0,,Overcast,cloudy,"72505394728,KEWR,KLGA,72502014734,D2180,KNYC,72503014732"
"New York, NY, United States",2023-01-22T03:00:00,2.9,-0.6,-4.6,57.84,0,0,,0,0,10.8,13.5,246,1023.4,100,16,220,0.8,0,,Overcast,cloudy,"72505394728,KEWR,KLGA,72502014734,D2180,KNYC,72503014732"
"New York, NY, United States",2023-01-22T04:00:00,2.9,0.2,-5.2,55.34,0,0,,0,0,11.5,10.2,248,1023.1,100,16,220,0.8,0,,Overcast,cloudy,"72505394728,KEWR,KLGA,72502014734,D2180,KNYC,72503014732"
"New York, NY, United States",2023-01-22T05:00:00,2.5,0.6,-5.2,57.2,0,0,,0,0,9.7,6.7,242,1022.4,100,16,220,0.8,0,,Overcast,cloudy,"72505394728,KEWR,KLGA,72502014734,D2180,KNYC,72503014732"
"New York, NY, United States",2023-01-22T06:00:00,2.9,2.9,-5.2,55.31,0,0,,0,0,14,4.2,282,1022.5,100,16,220,0.8,0,,Overcast,cloudy,"72505394728,KEWR,KLGA,72502014734,D2180,KNYC,72503014732"
"New York, NY, United States",2023-01-22T07:00:00,2.9,0.8,-5,56.12,0,0,,0,0,13.3,7.6,198,1022.3,100,16,1,0,0,,Overcast,cloudy,"72505394728,KEWR,KLGA,72502014734,F8726,KNYC,72503014732"
"New York, NY, United States",2023-01-22T08:00:00,3.4,0.4,-4.9,54.84,0,0,,0,0,11.5,11.2,192,1021.9,100,16,15,0.1,0,,Overcast,cloudy,"72505394728,KEWR,KLGA,72502014734,F1417,KNYC,72503014732"
"New York, NY, United States",2023-01-22T09:00:00,3.4,3.4,-4.5,56.22,0,0,,0,0,11.9,4.7,354,1022.9,100,16,52,0.2,1,,Overcast,cloudy,"72505394728,KEWR,KLGA,72502014734,F1417,KNYC,72503014732"
"New York, NY, United States",2023-01-22T10:00:00,3.9,2.9,-4.6,53.92,0,0,,0,0,13.7,5,351,1021.5,97.3,16,163,0.6,2,,Overcast,cloudy,"72505394728,KEWR,KLGA,72502014734,F1417,KNYC,72503014732"
"New York, NY, United States",2023-01-22T11:00:00,4.6,1.9,-4.5,51.71,0,0,,0,0,23.4,11.6,185,1020.8,66.5,16,240,0.9,2,,Partially cloudy,partly-cloudy-day,"72505394728,KEWR,KLGA,72502014734,F1417,KNYC,72503014732"
"New York, NY, United States",2023-01-22T12:00:00,5.5,4.3,-3.9,50.88,0,0,,0,0,30.2,6.1,277,1019.8,30.4,16,266,1,3,,Partially cloudy,partly-cloudy-day,"72505394728,KEWR,KLGA,72502014734,F1417,KNYC,72503014732"
"New York, NY, United States",2023-01-22T13:00:00,5.5,4.6,-3.9,50.88,0,0,,0,0,30.2,5.3,343,1019,34.2,16,177,0.6,2,,Partially cloudy,partly-cloudy-day,"72505394728,KEWR,KLGA,72502014734,F1417,KNYC,72503014732"
"New York, NY, United States",2023-01-22T14:00:00,5.1,3.3,-3.8,52.78,0,0,,0,0,24.1,8,174,1017.7,90.4,16,103,0.4,1,,Overcast,cloudy,"72505394728,KEWR,KLGA,72502014734,F1417,KNYC,72503014732"
"New York, NY, United States",2023-01-22T15:00:00,4.7,3,-3.1,56.96,0,0,,0,0,20.5,7.3,160,1017.3,98.3,16,54,0.2,1,,Overcast,cloudy,"72505394728,KEWR,KLGA,72502014734,F1417,KNYC,72503014732"
"New York, NY, United States",2023-01-22T16:00:00,5.1,2.8,-1.8,61.22,0,0,,0,0,15.5,9.8,163,1016.7,100,16,23,0.1,0,,Overcast,cloudy,"72505394728,KEWR,KLGA,72502014734,F1417,KNYC,72503014732"
"New York, NY, United States",2023-01-22T17:00:00,4.6,2.4,-0.9,67.64,0.076,100,rain,0,0,8.6,9.2,148,1015.8,100,15.7,7,0,0,,"Rain, Overcast",rain,"72505394728,KEWR,KLGA,72502014734,F1417,KNYC,72503014732"
"New York, NY, United States",2023-01-22T18:00:00,4,1.6,0.4,77.36,0.455,100,rain,0,0,13.3,9.5,98,1014.1,100,13.7,23,0.1,0,,"Rain, Overcast",rain,"72505394728,KEWR,E5816,KLGA,72502014734,KNYC,72503014732"
"New York, NY, United States",2023-01-22T19:00:00,3.6,2.5,1.3,85.12,0.724,100,rain,0,0,13.3,4.9,26,1014.7,100,6.1,220,0.8,0,,"Rain, Overcast",rain,"72505394728,KEWR,KLGA,D2180,KNYC,72503014732"
"New York, NY, United States",2023-01-22T20:00:00,3.4,0.9,1.5,87.39,2.591,100,rain,0,0,12.2,9.5,26,1013.4,100,5.5,220,0.8,0,,"Rain, Overcast",rain,"72505394728,KEWR,KLGA,D2180,KNYC,72503014732"
"New York, NY, United States",2023-01-22T21:00:00,3.5,0.3,2,89.45,1.891,100,rain,0,0,18,13.3,51,1011.5,100,6.3,220,0.8,0,,"Rain, Overcast",rain,"72505394728,KEWR,KLGA,72502014734,D2180,KNYC,72503014732"
"New York, NY, United States",2023-01-22T22:00:00,3.5,-0.3,1.8,88.29,0.818,100,rain,0,0,36.7,17,35,1009.8,100,6.3,220,0.8,0,,"Rain, Overcast",rain,"72505394728,KEWR,KLGA,72502014734,D2180,KNYC,72503014732"
"New York, NY, United States",2023-01-22T23:00:00,3.4,0.2,1.7,88.7,2.434,100,rain,0,0,23,12.5,30,1008.1,100,3.9,221,0.8,0,,"Rain, Overcast",rain,"72505394728,KEWR,KLGA,72502014734,D2180,KNYC,72503014732"
"New York, NY, United States",2023-01-23T00:00:00,3.4,-0.4,2,90.67,3.162,100,rain,0,0,24.1,16,27,1006.1,100,4.7,221,0.8,0,,"Rain, Overcast",rain,"72505394728,KEWR,KLGA,72502014734,D2180,KNYC,72503014732"
"New York, NY, United States",2023-01-23T01:00:00,3,-0.5,1.7,90.94,3.121,100,rain,0,0,27.4,14.3,26,1004,100,3.9,221,0.8,0,,"Rain, Overcast",rain,"72505394728,KEWR,KLGA,72502014734,D2180,KNYC,72503014732"
"New York, NY, United States",2023-01-23T02:00:00,3.4,-0.2,2.1,91.48,1.638,100,rain,0,0,28.8,14.7,358,1002.6,100,5.6,221,0.8,0,,"Rain, Overcast",rain,"72505394728,KEWR,KLGA,72502014734,D2180,KNYC,72503014732"
"New York, NY, United States",2023-01-23T03:00:00,3.4,-0.4,2.2,91.64,0.297,100,rain,0,0,29.5,16.4,16,1000.9,100,4.6,221,0.8,0,,"Rain, Overcast",rain,"72505394728,KEWR,KLGA,72502014734,D2180,KNYC,72503014732"
"New York, NY, United States",2023-01-23T04:00:00,3.5,-0.3,2.3,91.65,0.423,100,rain,0,0,33.5,16.4,2,1000.2,100,6.4,221,0.8,0,,"Rain, Overcast",rain,"72505394728,KEWR,KLGA,72502014734,D2180,KNYC,72503014732"
"New York, NY, United States",2023-01-23T05:00:00,3.6,0.3,2.3,90.93,0.261,100,rain,0,0,33.5,13.6,346,1000.4,100,3.8,221,0.8,0,,"Rain, Overcast",rain,"72505394728,KEWR,KLGA,72502014734,D2180,KNYC,72503014732"
"New York, NY, United States",2023-01-23T06:00:00,3.4,-0.2,2.2,91.64,0.252,100,rain,0,0,31,15,360,999.8,100,10.8,221,0.8,0,,"Rain, Overcast",rain,"72505394728,KEWR,KLGA,72502014734,D2180,KNYC,72503014732"
"New York, NY, United States",2023-01-23T07:00:00,3.5,0.6,1.8,88.36,0.326,100,rain,0,0,25.9,11.3,6,999.1,100,14.7,1,0,0,,"Rain, Overcast",rain,"72505394728,KEWR,KLGA,72502014734,KNYC,F7617,72503014732"
"New York, NY, United States",2023-01-23T08:00:00,3.6,0.9,1.8,87.71,0.048,100,rain,0,0,25.9,10.7,340,999.6,100,14.6,11,0,0,,"Rain, Overcast",rain,"72505394728,KEWR,KLGA,72502014734,F1417,KNYC,72503014732"
"New York, NY, United States",2023-01-23T09:00:00,4,0.5,1.8,85.16,0.185,100,rain,0,0,27.7,15.2,11,1000.1,100,11.8,27,0.1,0,,"Rain, Overcast",rain,"72505394728,KEWR,KLGA,72502014734,F1417,KNYC,72503014732"
"New York, NY, United States",2023-01-23T10:00:00,3.8,2.5,2,87.93,0.227,100,rain,0,0.1,31.7,5.7,341,1000.8,100,3.6,43,0.2,0,,"Rain, Overcast",rain,"72505394728,KEWR,KLGA,F1417,KNYC,72503014732"
"New York, NY, United States",2023-01-23T11:00:00,3.5,-0.4,1.7,87.7,0.942,100,rain,0,0.3,29.2,16.9,308,1000.8,100,6.7,57,0.2,1,,"Rain, Overcast",rain,"72505394728,KEWR,KLGA,72502014734,F1417,KNYC,72503014732"
"New York, NY, United States",2023-01-23T12:00:00,3.2,-0.6,1.2,86.75,0.724,100,rain,0,0.4,31.7,15.7,305,1000.5,100,11.8,90,0.3,1,,"Rain, Overcast",rain,"72505394728,KEWR,KLGA,72502014734,F1417,KNYC,72503014732"
"New York, NY, United States",2023-01-23T13:00:00,3.5,-1.1,1.6,87,0.288,100,rain,0,0.4,38.9,22.6,302,1000.5,100,8.8,85,0.3,1,,"Rain, Overcast",rain,"72505394728,KEWR,KLGA,72502014734,F1417,KNYC,72503014732"
"New York, NY, United States",2023-01-23T14:00:00,2.5,-1.8,0.6,86.95,0.669,100,rain,0,0.5,33.5,18.4,304,1001.2,100,11.6,52,0.2,1,,"Rain, Overcast",rain,"72505394728,KEWR,KLGA,72502014734,F1417,KNYC,72503014732"
"New York, NY, United States",2023-01-23T15:00:00,3.2,-1.4,0.7,83.79,0.398,100,rain,0,0.5,29,21.1,305,1003.4,99,13.6,46,0.2,0,,"Rain, Overcast",rain,"KEWR,KLGA,72502014734,F1417,KNYC,72503014732"
"New York, NY, United States",2023-01-23T16:00:00,3.5,-0.5,0.6,81.16,0.572,100,rain,0,0.5,32.8,17.9,306,1004.3,99.2,15.6,49,0.2,0,,"Rain, Overcast",rain,"72505394728,KEWR,KLGA,72502014734,F1417,KNYC,72503014732"
"New York, NY, United States",2023-01-23T17:00:00,3.7,-0.4,-0.3,75.23,0,0,,0,0.2,48.1,18.7,306,1005.5,95.7,16,23,0.1,0,,Overcast,cloudy,"72505394728,KEWR,KLGA,72502014734,F1417,KNYC,72503014732"
"New York, NY, United States",2023-01-23T18:00:00,3.6,-1.9,-2.1,66.35,0,0,,0,0,49.4,31.6,300,1007.2,95.7,16,43,0.2,0,,Overcast,cloudy,"72505394728,KEWR,E5816,KLGA,72502014734,KNYC,72503014732"
"New York, NY, United States",2023-01-23T19:00:00,3,-1.9,-3.2,63.65,0,0,,0,0,48.8,23.9,306,1009.1,100,16,221,0.8,0,,Overcast,cloudy,"72505394728,KEWR,KLGA,72502014734,D2180,KNYC,72503014732"
"New York, NY, United States",2023-01-23T20:00:00,2.5,-3.1,-3.4,64.83,0,0,,0,0.1,51.3,29.3,310,1010.4,100,16,220,0.8,0,,Overcast,cloudy,"72505394728,KEWR,KLGA,72502014734,D2180,KNYC,72503014732"
"New York, NY, United States",2023-01-23T21:00:00,2.6,-2.8,-3.6,64.04,0,0,,0,0.2,45.3,27.1,298,1012.2,96.6,16,0,0,0,,Overcast,cloudy,"KEWR,KLGA,72502014734,KNYC,72503014732"
"New York, NY, United States",2023-01-23T22:00:00,2.3,-2.2,-4,62.87,0,0,,0,0.2,43.1,19.5,300,1013,97.5,16,221,0.8,0,,Overcast,cloudy,"72505394728,KEWR,KLGA,72502014734,D2180,KNYC,72503014732"
"New York, NY, United States",2023-01-23T23:00:00,2.4,-2.3,-4.8,59.25,0,0,,0,0.2,42.5,20.5,296,1014.1,100,16,220,0.8,0,,Overcast,cloudy,"72505394728,KEWR,KLGA,72502014734,D2180,KNYC,72503014732"
"New York, NY, United States",2023-01-24T00:00:00,2.3,-2.2,-4.7,59.81,0,0,,0,0.2,48.7,18.9,294,1014.7,100,16,220,0.8,0,,Overcast,cloudy,"72505394728,KEWR,KLGA,72502014734,D2180,KNYC,72503014732"
"New York, NY, United States",2023-01-24T01:00:00,1.9,-2.7,-5.7,57.34,0,0,,0,0.2,47.3,18.9,282,1014.9,82.6,16,220,0.8,0,,Partially cloudy,partly-cloudy-night,"72505394728,KEWR,KLGA,72502014734,D2180,KNYC,72503014732"
"New York, NY, United States",2023-01-24T02:00:00,2.3,-1.1,-5.7,55.68,0,0,,0,0.2,28.4,12.5,268,1015.7,98.2,16,220,0.8,0,,Overcast,cloudy,"72505394728,KEWR,KLGA,72502014734,D2180,KNYC,72503014732"
"New York, NY, United States",2023-01-24T03:00:00,2.5,-1.1,-5.7,55.08,0,0,,0,0.2,27.7,13.5,267,1016.1,98.2,16,220,0.8,0,,Overcast,cloudy,"72505394728,KEWR,KLGA,72502014734,D2180,KNYC,72503014732"
"New York, NY, United States",2023-01-24T04:00:00,2.9,-0.3,-5.5,54.02,0,0,,0,0.2,24.8,11.6,262,1016.4,95.7,16,220,0.8,0,,Overcast,cloudy,"72505394728,KEWR,KLGA,72502014734,D2180,KNYC,72503014732"
"New York, NY, United States",2023-01-24T05:00:00,2.7,-0.2,-5,56.51,0,0,,0,0.2,25.2,10.9,262,1016.6,79,16,220,0.8,0,,Partially cloudy,partly-cloudy-night,"72505394728,KEWR,KLGA,72502014734,D2180,KNYC,72503014732"
"New York, NY, United States",2023-01-24T06:00:00,2.9,-0.7,-4.6,57.84,0,0,,0,0.2,33.9,14.1,256,1017.4,98.2,16,220,0.8,0,,Overcast,cloudy,"72505394728,KEWR,KLGA,72502014734,D2180,KNYC,72503014732"
"New York, NY, United States",2023-01-24T07:00:00,2.9,-0.9,-4.6,57.84,0,0,,0,0.2,27.7,15.2,272,1018,95.7,16,2,0,0,,Overcast,cloudy,"72505394728,KEWR,KLGA,72502014734,F8726,KNYC,72503014732"
"New York, NY, United States",2023-01-24T08:00:00,2.9,0.5,-5.2,55.62,0,0,,0,0.2,38.9,8.5,303,1018.2,50.8,16,19,0.1,0,,Partially cloudy,partly-cloudy-day,"72505394728,KEWR,KLGA,72502014734,F1417,KNYC,72503014732"
"New York, NY, United States",2023-01-24T09:00:00,2.9,-0.8,-4.8,57.03,0,0,,0,0.2,33.5,15.2,263,1019.3,12.7,16,66,0.2,1,,Clear,clear-day,"72505394728,KEWR,KLGA,72502014734,F1417,KNYC,72503014732"
"New York, NY, United States",2023-01-24T10:00:00,4,0.5,-5.2,51.17,0,0,,0,0.2,39.3,15.7,270,1019.6,15.6,16,309,1.1,3,,Clear,clear-day,"72505394728,KEWR,KLGA,72502014734,F1417,KNYC,72503014732"
"New York, NY, United States",2023-01-24T11:00:00,5.8,3.6,-4.7,46.62,0,0,,0,0.2,33.1,10.1,248,1019.4,10.5,16,470,1.7,5,,Clear,clear-day,"72505394728,KEWR,KLGA,72502014734,F1417,KNYC,72503014732"
"New York, NY, United States",2023-01-24T12:00:00,7,3.3,-5,42.1,0,0,,0,0.2,37.4,22.7,287,1019,15.6,16,519,1.9,5,,Clear,clear-day,"72505394728,KEWR,KLGA,72502014734,F1417,KNYC,72503014732"
"New York, NY, United States",2023-01-24T13:00:00,7.4,4.1,-4.4,42.89,0,0,,0,0.2,35.4,20.3,290,1018.9,44.6,16,554,2,6,,Partially cloudy,partly-cloudy-day,"72505394728,KEWR,KLGA,72502014734,F1417,KNYC,72503014732"
"New York, NY, United States",2023-01-24T14:00:00,7.7,3.9,-3.9,43.76,0,0,,0,0.2,42.8,25.7,285,1019.2,19.2,16,278,1,3,,Clear,clear-day,"72505394728,KEWR,KLGA,72502014734,F1417,KNYC,72503014732"
"New York, NY, United States",2023-01-24T15:00:00,7.5,4.1,-4.2,43.42,0,0,,0,0.2,46.9,20.9,304,1020.1,58.7,16,352,1.3,4,,Partially cloudy,partly-cloudy-day,"72505394728,KEWR,KLGA,72502014734,F1417,KNYC,72503014732"
"New York, NY, United States",2023-01-24T16:00:00,5.9,2.1,-5.2,44.87,0,0,,0,0.2,43.2,21,280,1021.3,50.8,16,74,0.3,1,,Partially cloudy,partly-cloudy-day,"72505394728,KEWR,KLGA,72502014734,F1417,KNYC,72503014732"
"New York, NY, United States",2023-01-24T17:00:00,5.2,1.7,-5.5,45.88,0,0,,0,0.2,37.8,17,298,1022,88.9,16,16,0.1,0,,Partially cloudy,partly-cloudy-day,"72505394728,KEWR,KLGA,72502014734,F1417,KNYC,72503014732"
"New York, NY, United States",2023-01-24T18:00:00,5.1,1.6,-4.9,48.44,0,0,,0,0.2,42.5,17.2,282,1022.7,95.7,16,32,0.1,0,,Overcast,cloudy,"72505394728,KEWR,E5816,KLGA,72502014734,KNYC,72503014732"
"New York, NY, United States",2023-01-24T19:00:00,5.1,2.1,-5,47.91,0,0,,0,0,32.4,13.9,290,1023.5,95.7,16,221,0.8,0,,Overcast,cloudy,"72505394728,KEWR,KLGA,72502014734,D2180,KNYC,72503014732"
"New York, NY, United States",2023-01-24T20:00:00,4.7,1.4,-5.4,47.94,0,0,,0,0,35.3,15.2,298,1024.1,95.7,16,221,0.8,0,,Overcast,cloudy,"72505394728,KEWR,KLGA,72502014734,D2180,KNYC,72503014732"
"New York, NY, United States",2023-01-24T21:00:00,4.6,1.9,-5.7,47.53,0,0,,0,0,18.7,11.2,306,1024.8,95.7,16,220,0.8,0,,Overcast,cloudy,"72505394728,KEWR,KLGA,72502014734,D2180,KNYC,72503014732"
"New York, NY, United States",2023-01-24T22:00:00,4.5,1.5,-5.5,48.4,0,0,,0,0,35.3,12.5,310,1025.5,95.7,16,220,0.8,0,,Overcast,cloudy,"72505394728,KEWR,KLGA,72502014734,D2180,KNYC,72503014732"
"New York, NY, United States",2023-01-24T23:00:00,4,0.3,-5.2,51.2,0,0,,0,0,16.9,16.9,292,1025.6,80.1,16,219,0.8,0,,Partially cloudy,partly-cloudy-night,"72505394728,KEWR,KLGA,72502014734,D2180,KNYC,72503014732"
"New York, NY, United States",2023-01-25T00:00:00,3.9,1,-6.1,48.07,0,0,,0,0,16.6,11.6,265,1025.2,19.2,16,217,0.8,0,,Clear,clear-night,"72505394728,KEWR,KLGA,72502014734,D2180,KNYC,72503014732"
"New York, NY, United States",2023-01-25T01:00:00,3.5,1,-6.3,48.98,0,0,,0,0,15.1,9.2,296,1025.1,24.3,16,216,0.8,0,,Partially cloudy,partly-cloudy-night,"72505394728,KEWR,KLGA,72502014734,D2180,KNYC,72503014732"
"New York, NY, United States",2023-01-25T02:00:00,3,0.7,-6.2,51.05,0,0,,0,0,14.4,8.3,302,1025.4,27.9,16,221,0.8,0,,Partially cloudy,partly-cloudy-night,"72505394728,KEWR,KLGA,72502014734,D2180,KNYC,72503014732"
"New York, NY, United States",2023-01-25T03:00:00,2.9,0.9,-5.9,52.73,0,0,,0,0,12.6,7,312,1025.7,27.9,16,218,0.8,0,,Partially cloudy,partly-cloudy-night,"72505394728,KEWR,KLGA,72502014734,D2180,KNYC,72503014732"
"New York, NY, United States",2023-01-25T04:00:00,2.3,2.3,-6,54.51,0,0,,0,0,12.2,3,357,1025.3,34.2,16,218,0.8,0,,Partially cloudy,partly-cloudy-night,"72505394728,KEWR,KLGA,72502014734,D2180,KNYC,72503014732"
"New York, NY, United States",2023-01-25T05:00:00,2.5,0.7,-6.1,53.38,0,0,,0,0,10.8,6.2,317,1026.5,22.5,16,219,0.8,0,,Partially cloudy,partly-cloudy-night,"72505394728,KEWR,KLGA,72502014734,D2180,KNYC,72503014732"
"New York, NY, United States",2023-01-25T06:00:00,2.5,2.5,-6,53.8,0,0,,0,0,7.2,1.7,347,1027,30.5,16,220,0.8,0,,Partially cloudy,partly-cloudy-night,"72505394728,KEWR,KLGA,72502014734,D2180,KNYC,72503014732"
"New York, NY, United States",2023-01-25T07:00:00,2.5,-0.3,-5.8,54.65,0,0,,0,0,8.3,9.6,34,1026.3,55.1,16,1,0,0,,Partially cloudy,partly-cloudy-night,"72505394728,KEWR,KLGA,72502014734,KNYC,F7617,72503014732"
"New York, NY, United States",2023-01-25T08:00:00,2.9,0.4,-5.2,55.66,0,0,,0,0,12.2,9,71,1025.6,35.9,16,12,0,0,,Partially cloudy,partly-cloudy-day,"72505394728,KEWR,KLGA,72502014734,F1417,KNYC,72503014732"
"New York, NY, United States",2023-01-25T09:00:00,3,3,-4,59.83,0,0,,0,0,15.5,1.7,0,1026.3,38.4,16,50,0.2,1,,Partially cloudy,partly-cloudy-day,"72505394728,KEWR,KLGA,72502014734,F1417,KNYC,72503014732"
"New York, NY, United States",2023-01-25T10:00:00,3.8,0.8,-4.6,54.19,0,0,,0,0,14.8,12,85,1025.3,38.4,16,95,0.3,1,,Partially cloudy,partly-cloudy-day,"72505394728,KEWR,KLGA,72502014734,F1417,KNYC,72503014732"
"New York, NY, United States",2023-01-25T11:00:00,4.5,1.2,-5.2,49.72,0,0,,0,0.2,18.4,14.2,90,1025,38.4,16,140,0.5,1,,Partially cloudy,partly-cloudy-day,"72505394728,KEWR,KLGA,72502014734,F1417,KNYC,72503014732"
"New York, NY, United States",2023-01-25T12:00:00,4.6,4.6,-3.7,54.97,0,0,,0,0.4,19.8,4.3,34,1024.4,93.1,16,86,0.3,1,,Overcast,cloudy,"72505394728,KEWR,KLGA,72502014734,F1417,KNYC,72503014732"
"New York, NY, United States",2023-01-25T13:00:00,4.7,2.3,-2.7,58.62,0,0,,0,0.5,20.2,10.3,93,1023.2,100,16,47,0.2,0,,Overcast,cloudy,"72505394728,KEWR,KLGA,72502014734,F1417,KNYC,72503014732"
"New York, NY, United States",2023-01-25T14:00:00,2.3,-0.9,-0.5,81.74,0.712,100,rain,0.1,0.7,25.9,11.6,94,1021,100,4.5,21,0.1,0,,"Rain, Overcast",rain,"72505394728,KEWR,KLGA,F1417,KNYC,72503014732"
"New York, NY, United States",2023-01-25T15:00:00,2.4,-1.7,0.7,88.89,1.419,100,rain,0,0.8,28.8,16.7,84,1018.8,100,5.8,78,0.3,1,,"Rain, Overcast",rain,"72505394728,KEWR,KLGA,72502014734,F1417,KNYC,72503014732"
"New York, NY, United States",2023-01-25T16:00:00,3.1,-0.6,1.5,89.41,0.454,100,rain,0.1,0.9,33.1,15.3,80,1017.2,100,9.1,33,0.1,0,,"Rain, Overcast",rain,"72505394728,KEWR,KLGA,72502014734,F1417,KNYC,72503014732"
"New York, NY, United States",2023-01-25T17:00:00,4.1,0.3,2.2,87.15,0.495,100,rain,0.2,0.7,30.9,17.8,88,1013.7,100,11.2,15,0.1,0,,"Rain, Overcast",snow,"72505394728,KEWR,KLGA,72502014734,F1417,KNYC,72503014732"
"New York, NY, United States",2023-01-25T18:00:00,6.4,3,4.3,86.42,0.185,100,rain,0,0.7,37.4,18.9,102,1012.7,100,12.9,34,0.1,0,,"Rain, Overcast",rain,"72505394728,KEWR,E5816,KLGA,72502014734,KNYC,72503014732"
"New York, NY, United States",2023-01-25T19:00:00,7,3.7,5,87.27,1.811,100,rain,0,0.1,40,18.9,102,1010.8,100,5.1,223,0.8,0,,"Rain, Overcast",rain,"72505394728,KEWR,KLGA,72502014734,D2180,KNYC,72503014732"
"New York, NY, United States",2023-01-25T20:00:00,8.5,5,6.8,88.79,5.264,100,rain,0,0.1,46,25.7,120,1007.3,100,5.2,225,0.8,0,,"Rain, Overcast",rain,"72505394728,KEWR,KLGA,72502014734,D2180,KNYC,72503014732"
"New York, NY, United States",2023-01-25T21:00:00,10.4,10.4,8.8,90.29,3.002,100,rain,0,0.1,43,16.3,127,1004.8,100,6.2,225,0.8,0,,"Rain, Overcast",rain,"72505394728,KEWR,KLGA,D2180,KNYC,72503014732"
"New York, NY, United States",2023-01-25T22:00:00,11.4,11.4,10,90.56,4.337,100,rain,0,0.1,53,20.6,164,1002.7,100,7.7,227,0.8,0,,"Rain, Overcast",rain,"72505394728,KEWR,KLGA,72502014734,D2180,KNYC,72503014732"
"New York, NY, United States",2023-01-25T23:00:00,12.3,12.3,10.5,89.05,3.122,100,rain,0,0,48.7,26.2,159,999.7,100,11.7,226,0.8,0,,"Rain, Overcast",rain,"72505394728,KEWR,KLGA,72502014734,D2180,KNYC,72503014732"
"New York, NY, United States",2023-01-26T00:00:00,12.6,12.6,11.2,91.25,1.229,100,rain,0,0,48.7,16.4,162,998.9,100,10.3,227,0.8,0,,"Rain, Overcast",rain,"72505394728,KEWR,KLGA,72502014734,D2180,KNYC,72503014732"
"New York, NY, United States",2023-01-26T01:00:00,12.9,12.9,11.7,91.86,2.527,100,rain,0,0,47.9,16.4,180,997.2,100,10.1,228,0.8,0,,"Rain, Overcast",rain,"72505394728,KEWR,KLGA,72502014734,D2180,KNYC,72503014732"
"New York, NY, United States",2023-01-26T02:00:00,13.2,13.2,12,92.36,1.371,100,rain,0,0,49.3,9.2,229,996.3,100,7.6,228,0.8,0,,"Rain, Overcast",rain,"72505394728,KEWR,KLGA,72502014734,D2180,KNYC,72503014732"
"New York, NY, United States",2023-01-26T03:00:00,11.9,11.9,10.5,91.42,6.506,100,rain,0,0,31.3,14.7,271,996.2,100,11.1,226,0.8,0,,"Rain, Overcast",rain,"72505394728,KEWR,KLGA,72502014734,D2180,KNYC,72503014732"
"New York, NY, United States",2023-01-26T04:00:00,10.9,10.9,8.7,86.12,0.067,100,rain,0,0,27.7,17,271,996.6,100,16,225,0.8,0,,"Rain, Overcast",rain,"72505394728,KEWR,KLGA,72502014734,D2180,KNYC,72503014732"
"New York, NY, United States",2023-01-26T05:00:00,10,10,7,81.5,0,0,,0,0,27.7,15.9,236,996.6,30.7,16,225,0.8,0,,Partially cloudy,partly-cloudy-night,"72505394728,KEWR,KLGA,72502014734,D2180,KNYC,72503014732"
"New York, NY, United States",2023-01-26T06:00:00,8.9,6.4,5.7,80.48,0,0,,0,0,40.7,16.1,262,997.4,89.5,16,223,0.8,0,,Partially cloudy,partly-cloudy-night,"72505394728,KEWR,KLGA,72502014734,D2180,KNYC,72503014732"
"New York, NY, United States",2023-01-26T07:00:00,8.3,4.2,3.3,71.01,0,0,,0,0,48.3,31.8,262,998.6,97.5,16,3,0,0,,Overcast,cloudy,"72505394728,KEWR,KLGA,72502014734,F8726,KNYC,72503014732"
"New York, NY, United States",2023-01-26T08:00:00,7.2,3.5,0.6,62.78,0,0,,0,0,38.3,24,265,999.6,87,16,19,0.1,0,,Partially cloudy,partly-cloudy-day,"72505394728,KEWR,KLGA,72502014734,F1417,KNYC,72503014732"
"New York, NY, United States",2023-01-26T09:00:00,6.9,4,-0.2,60.77,0,0,,0,0,45,15.7,252,1000.7,95.7,16,98,0.4,1,,Overcast,cloudy,"72505394728,KEWR,KLGA,72502014734,F1417,KNYC,72503014732"
"New York, NY, United States",2023-01-26T10:00:00,6.9,3.3,-0.8,58.16,0,0,,0,0,49.1,21.2,260,1001.8,95.7,16,95,0.3,1,,Overcast,cloudy,"72505394728,KEWR,KLGA,72502014734,F1417,KNYC,72503014732"
"New York, NY, United States",2023-01-26T11:00:00,6.9,2.9,-1.8,54.08,0,0,,0,0,47.2,26,271,1002.2,100,16,99,0.4,1,,Overcast,cloudy,"72505394728,KEWR,KLGA,72502014734,F1417,KNYC,72503014732"
"New York, NY, United States",2023-01-26T12:00:00,6.8,3,-2,53.58,0,0,,0,0,59.5,23.3,258,1002.6,100,16,63,0.2,1,,Overcast,cloudy,"72505394728,KEWR,KLGA,72502014734,F1417,KNYC,72503014732"
"New York, NY, United States",2023-01-26T13:00:00,6.9,3.3,-3.3,48.09,0,0,,0,0,49.2,21.4,278,1002.7,100,16,132,0.5,1,,Overcast,cloudy,"72505394728,KEWR,KLGA,72502014734,F1417,KNYC,72503014732"
"New York, NY, United States",2023-01-26T14:00:00,6.9,2.7,-3.6,47.17,0,0,,0,0,52.4,27.8,275,1003.2,97.5,16,146,0.5,1,,Overcast,cloudy,"72505394728,KEWR,KLGA,72502014734,F1417,KNYC,72503014732"
"New York, NY, United States",2023-01-26T15:00:00,6.8,2.2,-3.8,46.84,0,0,,0,0,52.1,32,258,1004.1,97.5,16,102,0.4,1,,Overcast,cloudy,"72505394728,KEWR,KLGA,72502014734,F1417,KNYC,72503014732"
"New York, NY, United States",2023-01-26T16:00:00,6.8,3,-3.9,46.56,0,0,,0,0,50.1,23.4,273,1005.4,95.7,16,59,0.2,1,,Overcast,cloudy,"72505394728,KEWR,KLGA,72502014734,F1417,KNYC,72503014732"
"New York, NY, United States",2023-01-26T17:00:00,6.4,2.8,-4.5,45.5,0,0,,0,0,42.9,21.2,268,1006.7,95.7,16,16,0.1,0,,Overcast,cloudy,"72505394728,KEWR,KLGA,72502014734,F1417,KNYC,72503014732"
"New York, NY, United States",2023-01-26T18:00:00,6.4,3.2,-4.2,46.82,0,0,,0,0,52.8,16.8,260,1007.9,95.7,16,14,0.1,0,,Overcast,cloudy,"72505394728,KEWR,E5816,KLGA,72502014734,KNYC,72503014732"
"New York, NY, United States",2023-01-26T19:00:00,6.2,2.1,-4.6,46.2,0,0,,0,0,38.8,24.5,265,1008.9,95.7,16,223,0.8,0,,Overcast,cloudy,"72505394728,KEWR,KLGA,72502014734,D2180,KNYC,72503014732"
"New York, NY, United States",2023-01-26T20:00:00,5.8,3.5,-4.1,48.83,0,0,,0,0,48,11,309,1009.9,88.9,16,221,0.8,0,,Partially cloudy,partly-cloudy-night,"72505394728,KEWR,KLGA,72502014734,D2180,KNYC,72503014732"
"New York, NY, United States",2023-01-26T21:00:00,5.6,2.3,-4.1,49.48,0,0,,0,0,37.3,16.8,242,1010.6,79,16,221,0.8,0,,Partially cloudy,partly-cloudy-night,"72505394728,KEWR,KLGA,72502014734,D2180,KNYC,72503014732"
"New York, NY, United States",2023-01-26T22:00:00,5,1.3,-3.9,52.71,0,0,,0,0,39.2,18.3,244,1011.4,15.6,16,221,0.8,0,,Clear,clear-night,"72505394728,KEWR,KLGA,72502014734,D2180,KNYC,72503014732"
"New York, NY, United States",2023-01-26T23:00:00,5,1,-3.9,52.71,0,0,,0,0,30.7,20.7,256,1011.8,98.2,16,221,0.8,0,,Overcast,cloudy,"72505394728,KEWR,KLGA,72502014734,D2180,KNYC,72503014732"
"New York, NY, United States",2023-01-27T00:00:00,4.9,0.9,-3.9,53.1,0,0,,0,0,33.5,20.6,249,1012.3,98.2,16,220,0.8,0,,Overcast,cloudy,"72505394728,KEWR,KLGA,72502014734,D2180,KNYC,72503014732"
"New York, NY, United States",2023-01-27T01:00:00,4.3,0.9,-3.5,56.97,0,0,,0,0,28.9,15.6,248,1013,89.5,16,220,0.8,0,,Partially cloudy,partly-cloudy-night,"72505394728,KEWR,KLGA,72502014734,D2180,KNYC,72503014732"
"New York, NY, United States",2023-01-27T02:00:00,3.4,0.6,-3.5,60.51,0,0,,0,0,33.5,10.7,238,1014,32.3,16,220,0.8,0,,Partially cloudy,partly-cloudy-night,"72505394728,KEWR,KLGA,72502014734,D2180,KNYC,72503014732"
"New York, NY, United States",2023-01-27T03:00:00,3.2,-1,-3.6,60.94,0,0,,0,0,25.9,18.6,244,1014.9,10.5,16,220,0.8,0,,Clear,clear-night,"72505394728,KEWR,KLGA,72502014734,D2180,KNYC,72503014732"
"New York, NY, United States",2023-01-27T04:00:00,2.9,0.1,-3.9,61.24,0,0,,0,0,35.3,10,252,1015.2,4.4,16,219,0.8,0,,Clear,clear-night,"72505394728,KEWR,KLGA,72502014734,D2180,KNYC,72503014732"
"New York, NY, United States",2023-01-27T05:00:00,2.4,-0.4,-3.9,63.33,0,0,,0,0,18.7,9.6,279,1015.5,14.1,16,220,0.8,0,,Clear,clear-night,"72505394728,KEWR,KLGA,72502014734,D2180,KNYC,72503014732"
"New York, NY, United States",2023-01-27T06:00:00,2.1,2.1,-3.9,64.61,0,0,,0,0,17.6,4.7,310,1016.3,10.5,16,218,0.8,0,,Clear,clear-night,"72505394728,KEWR,KLGA,72502014734,D2180,KNYC,72503014732"
"New York, NY, United States",2023-01-27T07:00:00,2.4,1.1,-3.3,65.92,0,0,,0,0,18,5.1,315,1017.4,10.5,16,3,0,0,,Clear,clear-night,"72505394728,KEWR,KLGA,72502014734,F8726,KNYC,72503014732"
"New York, NY, United States",2023-01-27T08:00:00,2.9,2.9,-2.9,65.72,0,0,,0,0,18.4,4.1,305,1018.3,10.5,16,26,0.1,0,,Clear,clear-day,"72505394728,KEWR,KLGA,72502014734,F1417,KNYC,72503014732"
"New York, NY, United States",2023-01-27T09:00:00,3.2,0.2,-2.8,64.38,0,0,,0,0,18.4,11.9,296,1019.1,14.1,16,133,0.5,1,,Clear,clear-day,"72505394728,KEWR,KLGA,72502014734,F1417,KNYC,72503014732"
"New York, NY, United States",2023-01-27T10:00:00,4.4,2.4,-3.9,54.71,0,0,,0,0,19.1,8.1,230,1019.6,10.5,16,258,0.9,3,,Clear,clear-day,"72505394728,KEWR,KLGA,72502014734,F1417,KNYC,72503014732"
"New York, NY, United States",2023-01-27T11:00:00,4.3,1,-4.8,51.64,0,0,,0,0,25.9,14.2,238,1019.8,50.8,16,342,1.2,3,,Partially cloudy,partly-cloudy-day,"72505394728,KEWR,KLGA,72502014734,F1417,KNYC,72503014732"
"New York, NY, United States",2023-01-27T12:00:00,5,1.8,-3.6,53.93,0,0,,0,0,19.4,14.6,232,1018.8,95.7,16,181,0.7,2,,Overcast,cloudy,"72505394728,KEWR,KLGA,72502014734,F1417,KNYC,72503014732"
"New York, NY, United States",2023-01-27T13:00:00,5.4,2.3,-4.6,48.66,0,0,,0,0,22.3,14.1,240,1018.1,95.7,16,231,0.8,2,,Overcast,cloudy,"72505394728,KEWR,KLGA,72502014734,F1417,KNYC,72503014732"
"New York, NY, United States",2023-01-27T14:00:00,5.3,2.2,-6,43.86,0,0,,0,0,27.4,14.5,244,1018.2,88.9,16,138,0.5,1,,Partially cloudy,partly-cloudy-day,"72505394728,KEWR,KLGA,72502014734,F1417,KNYC,72503014732"
"New York, NY, United States",2023-01-27T15:00:00,5.3,1.8,-7.4,39.38,0,0,,0,0,28.4,17.5,236,1018.7,95.7,16,152,0.5,2,,Overcast,cloudy,"72505394728,KEWR,KLGA,72502014734,F1417,KNYC,72503014732"
"New York, NY, United States",2023-01-27T16:00:00,5.2,2.2,-7.4,39.63,0,0,,0,0,28.1,13.9,282,1019.3,65,16,135,0.5,1,,Partially cloudy,partly-cloudy-day,"72505394728,KEWR,KLGA,72502014734,F1417,KNYC,72503014732"
"New York, NY, United States",2023-01-27T17:00:00,5,2.9,-6.9,41.88,0,0,,0,0,21.2,9.2,259,1019.8,95.7,16,24,0.1,0,,Overcast,cloudy,"72505394728,KEWR,KLGA,72502014734,F1417,KNYC,72503014732"
"New York, NY, United States",2023-01-27T18:00:00,4,1.3,-6.9,44.76,0,0,,0,0,17.3,11.1,262,1020.5,44.6,16,1,0,0,,Partially cloudy,partly-cloudy-night,"72505394728,KEWR,KLGA,72502014734,F8726,KNYC,72503014732"
"New York, NY, United States",2023-01-27T19:00:00,3.5,1.4,-6.4,48.29,0,0,,0,0,17.6,8.1,263,1020.8,24.3,16,218,0.8,0,,Partially cloudy,partly-cloudy-night,"72505394728,KEWR,KLGA,72502014734,D2180,KNYC,72503014732"
"New York, NY, United States",2023-01-27T20:00:00,3.4,0.3,-6.7,47.7,0,0,,0,0,19.1,12.1,232,1021.4,10.5,16,221,0.8,0,,Clear,clear-night,"72505394728,KEWR,KLGA,72502014734,D2180,KNYC,72503014732"
"New York, NY, United States",2023-01-27T21:00:00,3.3,0,-6.3,49.5,0,0,,0,0,20.5,13,236,1022.4,19.2,16,218,0.8,0,,Clear,clear-night,"72505394728,KEWR,KLGA,72502014734,D2180,KNYC,72503014732"
"New York, NY, United States",2023-01-27T22:00:00,3.2,0.2,-6.7,48.43,0,0,,0,0,22,11.4,238,1022.3,10.5,16,218,0.8,0,,Clear,clear-night,"72505394728,KEWR,KLGA,72502014734,D2180,KNYC,72503014732"
"New York, NY, United States",2023-01-27T23:00:00,2.5,-0.4,-8,45.74,0,0,,0,0,23.4,10.5,216,1021.8,10.5,16,218,0.8,0,,Clear,clear-night,"72505394728,KEWR,KLGA,72502014734,D2180,KNYC,72503014732"
"New York, NY, United States",2023-01-28T00:00:00,2.7,0.6,-8.1,45.07,0,0,,0,0,23.4,7.4,199,1021.3,15.6,16,217,0.8,0,,Clear,clear-night,"72505394728,KEWR,KLGA,72502014734,D2180,KNYC,72503014732"
"New York, NY, United States",2023-01-28T01:00:00,2.5,-0.5,-7.7,46.98,0,0,,0,0,23.4,11,224,1021.4,14.1,16,216,0.8,0,,Clear,clear-night,"72505394728,KEWR,KLGA,72502014734,D2180,KNYC,72503014732"
"New York, NY, United States",2023-01-28T02:00:00,2.7,0.1,-7.8,45.79,0,0,,0,0,24.5,9.2,196,1021.7,20.3,16,218,0.8,0,,Partially cloudy,partly-cloudy-night,"72505394728,KEWR,KLGA,72502014734,D2180,KNYC,72503014732"
"New York, NY, United States",2023-01-28T03:00:00,3.3,0.5,-6.9,47.21,0,0,,0,0,28.4,10.7,200,1021.6,100,16,219,0.8,0,,Overcast,cloudy,"72505394728,KEWR,KLGA,72502014734,D2180,KNYC,72503014732"
"New York, NY, United States",2023-01-28T04:00:00,3.6,-0.8,-6.2,48.85,0,0,,0,0,48.9,21.1,210,1021.7,100,16,220,0.8,0,,Overcast,cloudy,"72505394728,KEWR,KLGA,72502014734,D2180,KNYC,72503014732"
"New York, NY, United States",2023-01-28T05:00:00,3.7,0.8,-5.7,50.44,0,0,,0,0,30.2,11.3,196,1021.6,97.3,16,219,0.8,0,,Overcast,cloudy,"72505394728,KEWR,KLGA,72502014734,D2180,KNYC,72503014732"
"New York, NY, United States",2023-01-28T06:00:00,3.5,0.1,-5.6,51.52,0,0,,0,0,29.5,13.5,212,1021.7,88.9,16,220,0.8,0,,Partially cloudy,partly-cloudy-night,"72505394728,KEWR,KLGA,72502014734,D2180,KNYC,72503014732"
"New York, NY, United States",2023-01-28T07:00:00,3.5,0.4,-5.6,51.53,0,0,,0,0,33,12.5,210,1021.9,95.7,16,2,0,0,,Overcast,cloudy,"72505394728,KEWR,KLGA,72502014734,F8726,KNYC,72503014732"
"New York, NY, United States",2023-01-28T08:00:00,3.3,0.2,-5,54.75,0,0,,0,0,27.7,12,220,1022.5,65,16,43,0.2,0,,Partially cloudy,partly-cloudy-day,"72505394728,KEWR,KLGA,72502014734,F1417,KNYC,72503014732"
"New York, NY, United States",2023-01-28T09:00:00,4,0.9,-4.4,54.2,0,0,,0,0,28.1,13.2,220,1023.2,32.5,16,109,0.4,1,,Partially cloudy,partly-cloudy-day,"72505394728,KEWR,KLGA,F1417,KNYC,72503014732"
"New York, NY, United States",2023-01-28T10:00:00,5.9,2.4,-4,48.85,0,0,,0,0,27.4,19.2,246,1024,10.5,16,317,1.1,3,,Clear,clear-day,"72505394728,KEWR,KLGA,72502014734,F1417,KNYC,72503014732"
"New York, NY, United States",2023-01-28T11:00:00,7.6,4.7,-3.8,44.26,0,0,,0,0,29.5,17,232,1024.2,10.5,16,490,1.8,5,,Clear,clear-day,"72505394728,KEWR,KLGA,72502014734,F1417,KNYC,72503014732"
"New York, NY, United States",2023-01-28T12:00:00,9.9,7.5,-3.5,38.77,0,0,,0,0,39.6,17.2,237,1023.5,27.9,16,539,1.9,5,,Partially cloudy,partly-cloudy-day,"72505394728,KEWR,KLGA,72502014734,F1417,KNYC,72503014732"
"New York, NY, United States",2023-01-28T13:00:00,10.8,10.8,-5.3,31.94,0,0,,0,0,42.9,24.2,248,1023.2,27.9,16,451,1.6,5,,Partially cloudy,partly-cloudy-day,"72505394728,KEWR,KLGA,72502014734,F1417,KNYC,72503014732"
"New York, NY, United States",2023-01-28T14:00:00,11,11,-5.2,31.81,0,0,,0,0,27.7,15,227,1022.8,34.2,16,355,1.3,4,,Partially cloudy,partly-cloudy-day,"72505394728,KEWR,KLGA,72502014734,F1417,KNYC,72503014732"
"New York, NY, United States",2023-01-28T15:00:00,10.9,10.9,-5,32.23,0,0,,0,0,27.4,13.9,254,1023.3,34.2,16,149,0.5,1,,Partially cloudy,partly-cloudy-day,"72505394728,KEWR,KLGA,72502014734,F1417,KNYC,72503014732"
"New York, NY, United States",2023-01-28T16:00:00,10.9,10.9,-5.8,30.51,0,0,,0,0,24.1,14.9,266,1023.9,34.2,16,70,0.3,1,,Partially cloudy,partly-cloudy-day,"72505394728,KEWR,KLGA,72502014734,F1417,KNYC,72503014732"
"New York, NY, United States",2023-01-28T17:00:00,10.3,10.3,-5.2,33.27,0,0,,0,0,18,10.7,256,1024.4,34.2,16,19,0.1,0,,Partially cloudy,partly-cloudy-day,"72505394728,KEWR,KLGA,72502014734,F1417,KNYC,72503014732"
"New York, NY, United States",2023-01-28T18:00:00,10,9.8,-4.9,34.74,0,0,,0,0,13.7,4.9,296,1025.1,34.2,16,1,0,0,,Partially cloudy,partly-cloudy-night,"72505394728,KEWR,KLGA,72502014734,F8726,KNYC,72503014732"
"New York, NY, United States",2023-01-28T19:00:00,10,8.3,-3.3,38.98,0,0,,0,0,13.3,12.3,226,1025.9,34.2,16,221,0.8,0,,Partially cloudy,partly-cloudy-night,"72505394728,KEWR,KLGA,72502014734,D2180,KNYC,72503014732"
"New York, NY, United States",2023-01-28T20:00:00,10,7.8,-2.9,40.22,0,0,,0,0,25.9,15.7,228,1026,34.2,16,219,0.8,0,,Partially cloudy,partly-cloudy-night,"72505394728,KEWR,KLGA,72502014734,D2180,KNYC,72503014732"
"New York, NY, United States",2023-01-28T21:00:00,9.6,7.9,-2.7,41.97,0,0,,0,0,15.1,11.7,218,1026.2,34.2,16,218,0.8,0,,Partially cloudy,partly-cloudy-night,"72505394728,KEWR,KLGA,72502014734,D2180,KNYC,72503014732"
"New York, NY, United States",2023-01-28T22:00:00,9.2,7.5,-2.8,42.84,0,0,,0,0,16.2,10.9,239,1026.6,34.2,16,218,0.8,0,,Partially cloudy,partly-cloudy-night,"72505394728,KEWR,KLGA,72502014734,D2180,KNYC,72503014732"
"New York, NY, United States",2023-01-28T23:00:00,9.2,8,-2.7,43.04,0,0,,0,0,16.2,8.4,230,1026.6,34.2,16,218,0.8,0,,Partially cloudy,partly-cloudy-night,"72505394728,KEWR,KLGA,72502014734,D2180,KNYC,72503014732"
"New York, NY, United States",2023-01-29T00:00:00,8.9,7.3,-2.8,43.7,0,0,,0,0,15.1,10.2,231,1026.4,34.2,16,218,0.8,0,,Partially cloudy,partly-cloudy-night,"72505394728,KEWR,KLGA,72502014734,D2180,KNYC,72503014732"
"New York, NY, United States",2023-01-29T01:00:00,8.5,7.1,-2.8,44.96,0,0,,0,0,14.4,8.4,228,1026.1,34.2,16,219,0.8,0,,Partially cloudy,partly-cloudy-night,"72505394728,KEWR,KLGA,72502014734,D2180,KNYC,72503014732"
"New York, NY, United States",2023-01-29T02:00:00,7.9,6,-2.7,47.07,0,0,,0,0,11.9,10.5,241,1026.3,19.2,16,222,0.8,0,,Clear,clear-night,"72505394728,KEWR,KLGA,72502014734,D2180,KNYC,72503014732"
"New York, NY, United States",2023-01-29T03:00:00,7.2,7.2,-2.5,50.25,0,0,,0,0,10.4,2.6,83,1026.2,25.4,16,219,0.8,0,,Partially cloudy,partly-cloudy-night,"72505394728,KEWR,KLGA,72502014734,D2180,KNYC,72503014732"
"New York, NY, United States",2023-01-29T04:00:00,6.3,4.8,-2,55.11,0,0,,0,0,8.6,7.6,85,1025.9,25.4,16,220,0.8,0,,Partially cloudy,partly-cloudy-night,"72505394728,KEWR,KLGA,72502014734,D2180,KNYC,72503014732"
"New York, NY, United States",2023-01-29T05:00:00,6.2,5.4,-1.6,57.19,0,0,,0,0,10.8,5,75,1025.7,19.2,16,220,0.8,0,,Clear,clear-night,"72505394728,KEWR,KLGA,72502014734,D2180,KNYC,72503014732"
"New York, NY, United States",2023-01-29T06:00:00,5.5,4.7,-0.7,64,0,0,,0,0,13.3,5,63,1025.4,25.4,16,220,0.8,0,,Partially cloudy,partly-cloudy-night,"72505394728,KEWR,KLGA,72502014734,D2180,KNYC,72503014732"
"New York, NY, United States",2023-01-29T07:00:00,5.5,4.6,-0.6,64.68,0,0,,0,0,15.5,5.4,139,1025.2,34.2,16,2,0,0,,Partially cloudy,partly-cloudy-night,"72505394728,KEWR,KLGA,72502014734,F8726,KNYC,72503014732"
"New York, NY, United States",2023-01-29T08:00:00,6.7,5.6,1.2,67.63,0,0,,0,0,16.2,6.2,148,1025,34.2,16,34,0.1,0,,Partially cloudy,partly-cloudy-day,"72505394728,KEWR,KLGA,72502014734,F1417,KNYC,72503014732"
"New York, NY, United States",2023-01-29T09:00:00,7.8,7.8,2.2,67.69,0,0,,0,0,16.6,4.2,91,1025,34.2,16,106,0.4,1,,Partially cloudy,partly-cloudy-day,"72505394728,KEWR,KLGA,72502014734,F1417,KNYC,72503014732"
"New York, NY, United States",2023-01-29T10:00:00,8.5,8,1.3,60.72,0,0,,0,0,16.9,5.1,272,1024.5,35.9,16,118,0.4,1,,Partially cloudy,partly-cloudy-day,"72505394728,KEWR,KLGA,72502014734,F1417,KNYC,72503014732"
"New York, NY, United States",2023-01-29T11:00:00,9.7,8.2,-0.5,49.29,0,0,,0,0,19.4,10.3,180,1023.5,34.2,16,192,0.7,2,,Partially cloudy,partly-cloudy-day,"72505394728,KEWR,KLGA,72502014734,F1417,KNYC,72503014732"
"New York, NY, United States",2023-01-29T12:00:00,11,11,-2.3,39.38,0,0,,0,0,24.1,11.1,168,1021.9,35.2,16,177,0.6,2,,Partially cloudy,partly-cloudy-day,"72505394728,KEWR,KLGA,72502014734,F1417,KNYC,72503014732"
"New York, NY, United States",2023-01-29T13:00:00,11,11,-1.4,42.03,0,0,,0,0,31.7,14.3,179,1020.4,100,16,110,0.4,1,,Overcast,cloudy,"72505394728,KEWR,KLGA,72502014734,F1417,KNYC,72503014732"
"New York, NY, United States",2023-01-29T14:00:00,11.3,11.3,-0.6,44.02,0,0,,0,0,44.2,8,17,1019.5,99.2,16,83,0.3,1,,Overcast,cloudy,"72505394728,KEWR,KLGA,72502014734,F1417,KNYC,72503014732"
"New York, NY, United States",2023-01-29T15:00:00,11.5,11.5,-1.8,39.54,0,0,,0,0,38.9,11,182,1019,99.2,16,78,0.3,1,,Overcast,cloudy,"72505394728,KEWR,KLGA,72502014734,F1417,KNYC,72503014732"
"New York, NY, United States",2023-01-29T16:00:00,11.4,11.4,-1.7,40.03,0,0,,0,0,32.7,16.1,226,1019.4,99,16,48,0.2,0,,Overcast,cloudy,"72505394728,KEWR,KLGA,72502014734,F1417,KNYC,72503014732"
"New York, NY, United States",2023-01-29T17:00:00,11.1,11.1,-1.2,42.32,0,0,,0,0,33,15.3,214,1019.1,98.7,16,10,0,0,,Overcast,cloudy,"72505394728,KEWR,KLGA,72502014734,F1417,KNYC,72503014732"
"New York, NY, United States",2023-01-29T18:00:00,10.7,10.7,-0.2,46.92,0,0,,0,0,24.8,12.6,230,1019.5,98.7,16,54,0.2,0,,Overcast,cloudy,"72505394728,KEWR,E5816,KLGA,72502014734,KNYC,72503014732"
"New York, NY, United States",2023-01-29T19:00:00,10.4,10.4,0.6,50.61,0,0,,0,0,27.7,18.5,235,1020,97.5,16,221,0.8,0,,Overcast,cloudy,"72505394728,KEWR,KLGA,72502014734,D2180,KNYC,72503014732"
"New York, NY, United States",2023-01-29T20:00:00,9.9,7.8,0.6,52.36,0,0,,0,0,23.8,14.8,235,1019.4,88.9,16,220,0.8,0,,Partially cloudy,partly-cloudy-night,"72505394728,KEWR,KLGA,72502014734,D2180,KNYC,72503014732"
"New York, NY, United States",2023-01-29T21:00:00,9,7.2,0.6,55.73,0,0,,0,0,21.6,11.4,236,1020.6,50.8,16,220,0.8,0,,Partially cloudy,partly-cloudy-night,"72505394728,KEWR,KLGA,72502014734,D2180,KNYC,72503014732"
"New York, NY, United States",2023-01-29T22:00:00,8.4,7.9,1,59.63,0,0,,0,0,22.3,5.2,299,1020.9,34.2,16,220,0.8,0,,Partially cloudy,partly-cloudy-night,"72505394728,KEWR,KLGA,72502014734,D2180,KNYC,72503014732"
"New York, NY, United States",2023-01-29T23:00:00,8.2,6.2,1,60.51,0,0,,0,0,20.9,11.4,230,1020.5,50.8,16,218,0.8,0,,Partially cloudy,partly-cloudy-night,"72505394728,KEWR,KLGA,72502014734,D2180,KNYC,72503014732"
"New York, NY, United States",2023-01-30T00:00:00,7.9,6.3,1.1,62.45,0,0,,0,0,18.7,8.8,242,1020.8,34.2,16,219,0.8,0,,Partially cloudy,partly-cloudy-night,"72505394728,KEWR,KLGA,72502014734,D2180,KNYC,72503014732"
"New York, NY, United States",2023-01-30T01:00:00,7.8,4.7,1.1,62.79,0,0,,0,0,31.7,19.2,248,1020.8,35.9,16,219,0.8,0,,Partially cloudy,partly-cloudy-night,"72505394728,KEWR,KLGA,72502014734,D2180,KNYC,72503014732"
"New York, NY, United States",2023-01-30T02:00:00,7,7,1,65.34,0,0,,0,0,18.4,4.5,293,1021,35.9,16,219,0.8,0,,Partially cloudy,partly-cloudy-night,"72505394728,KEWR,KLGA,72502014734,D2180,KNYC,72503014732"
"New York, NY, United States",2023-01-30T03:00:00,6.8,5.3,1,66.26,0,0,,0,0,15.8,7.7,245,1020.9,35.9,16,218,0.8,0,,Partially cloudy,partly-cloudy-night,"72505394728,KEWR,KLGA,72502014734,D2180,KNYC,72503014732"
"New York, NY, United States",2023-01-30T04:00:00,6.6,6.6,0.7,66.2,0,0,,0,0,12.6,4.1,300,1020.8,35.9,16,218,0.8,0,,Partially cloudy,partly-cloudy-night,"72505394728,KEWR,KLGA,72502014734,D2180,KNYC,72503014732"
"New York, NY, United States",2023-01-30T05:00:00,6.4,6.4,0.6,66.85,0,0,,0,0,10.8,2.1,306,1021.2,35.9,16,218,0.8,0,,Partially cloudy,partly-cloudy-night,"72505394728,KEWR,KLGA,72502014734,D2180,KNYC,72503014732"
"New York, NY, United States",2023-01-30T06:00:00,6.7,5.1,1.1,67.82,0,0,,0,0,10.4,8,302,1021.1,38.4,16,218,0.8,0,,Partially cloudy,partly-cloudy-night,"72505394728,KEWR,KLGA,72502014734,D2180,KNYC,72503014732"
"New York, NY, United States",2023-01-30T07:00:00,6.4,6.4,1,68.51,0,0,,0,0,10.8,0.9,338,1021.8,38.4,16,2,0,0,,Partially cloudy,partly-cloudy-night,"72505394728,KEWR,KLGA,72502014734,F8726,KNYC,72503014732"
"New York, NY, United States",2023-01-30T08:00:00,6.7,6.7,1.2,68.37,0,0,,0,0,7.9,0.9,42,1021.4,36.7,16,19,0.1,0,,Partially cloudy,partly-cloudy-day,"72505394728,KEWR,KLGA,72502014734,F1417,KNYC,72503014732"
"New York, NY, United States",2023-01-30T09:00:00,7.5,7.5,1.9,67.5,0,0,,0,0,7.2,1.7,61,1022.1,34.2,16,59,0.2,1,,Partially cloudy,partly-cloudy-day,"72505394728,KEWR,KLGA,72502014734,F1417,KNYC,72503014732"
"New York, NY, United States",2023-01-30T10:00:00,8.3,7.4,2.4,65.97,0,0,,0,0,8.3,6.7,261,1022.7,34.2,16,246,0.9,2,,Partially cloudy,partly-cloudy-day,"72505394728,KEWR,KLGA,72502014734,F1417,KNYC,72503014732"
"New York, NY, United States",2023-01-30T11:00:00,10,10,2.6,59.97,0,0,,0,0,7.6,0,0,1021.9,42.1,16,454,1.6,5,,Partially cloudy,partly-cloudy-day,"72505394728,KEWR,KLGA,72502014734,F1417,KNYC,72503014732"
"New York, NY, United States",2023-01-30T12:00:00,11.1,11.1,2.3,54.37,0,0,,0,0,10.8,7.8,231,1020.9,82.6,16,470,1.7,5,,Partially cloudy,partly-cloudy-day,"72505394728,KEWR,KLGA,72502014734,F1417,KNYC,72503014732"
"New York, NY, United States",2023-01-30T13:00:00,11.9,11.9,2.3,51.77,0,0,,0,0,15.1,7.1,210,1020.2,95.7,16,478,1.7,5,,Overcast,cloudy,"72505394728,KEWR,KLGA,72502014734,F1417,KNYC,72503014732"
"New York, NY, United States",2023-01-30T14:00:00,11.4,11.4,2,52.43,0,0,,0,0,18.4,9.5,237,1019.2,88.9,16,307,1.1,3,,Partially cloudy,partly-cloudy-day,"72505394728,KEWR,KLGA,72502014734,F1417,KNYC,72503014732"
"New York, NY, United States",2023-01-30T15:00:00,12.4,12.4,1.9,48.85,0,0,,0,0,16.2,16.9,184,1018.6,58.7,16,312,1.1,3,,Partially cloudy,partly-cloudy-day,"72505394728,KEWR,KLGA,72502014734,F1417,KNYC,72503014732"
"New York, NY, United States",2023-01-30T16:00:00,12.1,12.1,2.3,51.12,0,0,,0,0,15.5,13.1,207,1018.2,14.1,16,183,0.7,2,,Clear,clear-day,"72505394728,KEWR,KLGA,72502014734,F1417,KNYC,72503014732"
"New York, NY, United States",2023-01-30T17:00:00,11.1,11.1,2.8,56.45,0,0,,0,0,13.3,9.9,166,1018.3,10.5,16,33,0.1,0,,Clear,clear-day,"72505394728,KEWR,KLGA,72502014734,F1417,KNYC,72503014732"
"New York, NY, United States",2023-01-30T18:00:00,9.7,9.7,2.8,61.93,0,0,,0,0,15.5,4.5,275,1018.8,15.6,16,2,0,0,,Clear,clear-night,"72505394728,KEWR,KLGA,72502014734,F8726,KNYC,72503014732"
"New York, NY, United States",2023-01-30T19:00:00,10.2,10.2,2.9,60.47,0,0,,0,0,16.6,10.6,213,1019.1,75.3,16,222,0.8,0,,Partially cloudy,partly-cloudy-night,"72505394728,KEWR,KLGA,72502014734,D2180,KNYC,72503014732"
"New York, NY, United States",2023-01-30T20:00:00,9.7,7.9,3,63.03,0,0,,0,0,16.9,12.8,196,1017.8,15.6,16,221,0.8,0,,Clear,clear-night,"72505394728,KEWR,KLGA,72502014734,D2180,KNYC,72503014732"
"New York, NY, United States",2023-01-30T21:00:00,10.1,10.1,2.9,61.18,0,0,,0,0,17.6,7,209,1018.1,35.9,16,220,0.8,0,,Partially cloudy,partly-cloudy-night,"72505394728,KEWR,KLGA,72502014734,D2180,KNYC,72503014732"
"New York, NY, United States",2023-01-30T22:00:00,9.9,8.2,3.3,63.65,0,0,,0,0,19.4,11.7,238,1018.3,42.1,16,221,0.8,0,,Partially cloudy,partly-cloudy-night,"72505394728,KEWR,KLGA,72502014734,D2180,KNYC,72503014732"
"New York, NY, United States",2023-01-30T23:00:00,9.1,9.1,3.2,66.32,0,0,,0,0,19.8,4,280,1017.9,56.2,16,222,0.8,0,,Partially cloudy,partly-cloudy-night,"72505394728,KEWR,KLGA,72502014734,D2180,KNYC,72503014732"
"New York, NY, United States",2023-01-31T00:00:00,9.7,8.8,3.3,64.61,0,0,,0,0,18.7,7.4,228,1017.6,98.2,16,224,0.8,0,,Overcast,cloudy,"72505394728,KEWR,KLGA,72502014734,D2180,KNYC,72503014732"
"New York, NY, United States",2023-01-31T01:00:00,9.5,8.1,3.3,65.36,0,0,,0,0,17.3,9.5,234,1017.6,100,16,223,0.8,0,,Overcast,cloudy,"72505394728,KEWR,KLGA,72502014734,D2180,KNYC,72503014732"
"New York, NY, United States",2023-01-31T02:00:00,8.9,8.9,3.6,69.38,0,0,,0,0,11.9,0,0,1017.4,100,16,223,0.8,0,,Overcast,cloudy,"72505394728,KEWR,KLGA,72502014734,D2180,KNYC,72503014732"
"New York, NY, United States",2023-01-31T03:00:00,5.6,2.6,2,77.51,0,0,,0,0,13,14.7,351,1018.7,100,15.4,221,0.8,0,,Overcast,cloudy,"72505394728,KEWR,KLGA,D2180,KNYC,72503014732"
"New York, NY, United States",2023-01-31T04:00:00,4,0.9,0.4,77.46,0,0,,0,0,17.6,13.2,4,1018.9,100,16,221,0.8,0,,Overcast,cloudy,"72505394728,KEWR,KLGA,72502014734,D2180,KNYC,72503014732"
"New York, NY, United States",2023-01-31T05:00:00,3.6,1.7,-0.8,73.08,0,0,,0,0,29.5,7.3,357,1019.5,100,16,220,0.8,0,,Overcast,cloudy,"72505394728,KEWR,KLGA,72502014734,D2180,KNYC,72503014732"
"New York, NY, United States",2023-01-31T06:00:00,2.4,0.2,-0.4,82.01,0.312,100,rain,0,0,32,7.5,357,1020.3,100,7.1,219,0.8,0,,"Rain, Overcast",rain,"72505394728,KEWR,KLGA,72502014734,D2180,KNYC,72503014732"
"New York, NY, United States",2023-01-31T07:00:00,1.8,-1.8,-0.8,83.18,0.454,100,"rain,snow",0,0,26.6,13.1,12,1021.3,100,8.8,1,0,0,,"Snow, Rain, Overcast",rain,"72505394728,KEWR,KLGA,72502014734,F8726,KNYC,72503014732"
"New York, NY, United States",2023-01-31T08:00:00,1.2,-1.7,-0.9,85.64,0.468,100,"rain,snow",0,0,18,9.4,353,1022.4,100,5.5,12,0,0,,"Snow, Rain, Overcast",rain,"72505394728,KEWR,KLGA,F1417,KNYC,72503014732"
"New York, NY, United States",2023-01-31T09:00:00,1.3,1.3,-0.8,86.03,0.224,100,"rain,snow",0,0,16.6,3.3,4,1023,98.2,14.9,37,0.1,0,,"Snow, Rain, Overcast",rain,"72505394728,KEWR,KLGA,72502014734,F1417,KNYC,72503014732"
"New York, NY, United States",2023-01-31T10:00:00,2.3,-0.5,-1.2,77.9,0,0,,0,0,18.4,9.5,343,1023.6,97.9,16,91,0.3,1,,Overcast,cloudy,"72505394728,KEWR,KLGA,F1417,KNYC,72503014732"
"New York, NY, United States",2023-01-31T11:00:00,2.4,2.4,-2.1,71.96,0,0,,0,0,23.8,4.5,352,1023.6,98.2,16,112,0.4,1,,Overcast,cloudy,"72505394728,KEWR,KLGA,72502014734,F1417,KNYC,72503014732"
"New York, NY, United States",2023-01-31T12:00:00,3.3,-0.1,-3.2,62.29,0,0,,0,0,24.5,13.7,340,1023.3,95.7,16,228,0.8,2,,Overcast,cloudy,"72505394728,KEWR,KLGA,72502014734,F1417,KNYC,72503014732"
"New York, NY, United States",2023-01-31T13:00:00,3.4,0.9,-4.6,55.75,0,0,,0,0,29.5,9.5,338,1022.3,95.7,16,120,0.4,1,,Overcast,cloudy,"72505394728,KEWR,KLGA,72502014734,F1417,KNYC,72503014732"
"New York, NY, United States",2023-01-31T14:00:00,3.9,0.2,-5.5,50.26,0,0,,0,0,27.7,16,310,1022,96.2,15.5,106,0.4,1,,Overcast,cloudy,"72505394728,KEWR,KLGA,F1417,KNYC,72503014732"
"New York, NY, United States",2023-01-31T15:00:00,3.1,-0.4,-7.4,46.03,0,0,,0,0,27.7,14,324,1022.1,95.7,16,74,0.3,1,,Overcast,cloudy,"72505394728,KEWR,KLGA,72502014734,F1417,KNYC,72503014732"
"New York, NY, United States",2023-01-31T16:00:00,3,0.1,-8,44.15,0,0,,0,0,18,11,306,1022,95.7,16,43,0.2,0,,Overcast,cloudy,"72505394728,KEWR,KLGA,72502014734,F1417,KNYC,72503014732"
"New York, NY, United States",2023-01-31T17:00:00,3,0.2,-9,40.87,0,0,,0,0,33.5,10.5,322,1022.5,95.7,16,19,0.1,0,,Overcast,cloudy,"72505394728,KEWR,KLGA,72502014734,F1417,KNYC,72503014732"
"New York, NY, United States",2023-01-31T18:00:00,3,1,-11.1,34.62,0,0,,0,0,9.4,7.5,318,1022.5,97.5,16,1,0,0,,Overcast,cloudy,"72505394728,KEWR,KLGA,72502014734,F8726,KNYC,72503014732"
"New York, NY, United States",2023-01-31T19:00:00,3,1,-12.7,30.55,0,0,,0,0,9.7,7.5,332,1023,96.6,16,218,0.8,0,,Overcast,cloudy,"72505394728,KEWR,KLGA,72502014734,D2180,KNYC,72503014732"
"New York, NY, United States",2023-01-31T20:00:00,2.3,-0.8,-9.5,41.2,0,0,,0,0,14,11.1,42,1022.9,96.6,16,218,0.8,0,,Overcast,cloudy,"72505394728,KEWR,KLGA,72502014734,D2180,KNYC,72503014732"
"New York, NY, United States",2023-01-31T21:00:00,1.8,-1.7,-8,48.41,0,0,,0,0,18.7,12.4,13,1023.4,97.5,16,218,0.8,0,,Overcast,cloudy,"72505394728,KEWR,KLGA,72502014734,D2180,KNYC,72503014732"
"New York, NY, United States",2023-01-31T22:00:00,0.8,-3,-8.3,50.36,0,0,,0,0,22,13,42,1023.5,97.5,16,218,0.8,0,,Overcast,cloudy,"72505394728,KEWR,KLGA,72502014734,D2180,KNYC,72503014732"
"New York, NY, United States",2023-01-31T23:00:00,0.1,-4.6,-9.2,49.71,0,0,,0,0,24.1,17.1,12,1023.6,100,16,218,0.8,0,,Overcast,cloudy,"72505394728,KEWR,KLGA,72502014734,D2180,KNYC,72503014732"
